name,rating,rating_count,types,address,region_level_1,phone,website,weighted_score
Myeongdong Kyoja Main Restaurant,4.2,13470,"[dumpling_restaurant, kalguksu_restaurant, korean_restaurant]","29 Myeongdong 10-gil, Jung District, Seoul, South Korea",Seoul,+82 2-776-5348,http://www.mdkj.co.kr/,56574
Tosokchon Samgyetang,4.2,11409,"[samgyetang_restaurant, restaurant]","5 Jahamun-ro 5-gil, Jongno District, Seoul, South Korea",Seoul,+82 2-737-7444,http://tosokchon.com/,47917.8
Ujin Haejangguk,4.1,9214,"[korean_restaurant, hangover_soup_restaurant]","11 Seosa-ro, 특별자치도, Jeju-si, Jeju-do, South Korea",Jeju-do,+82 64-757-3393,,37777.4
Ungteori Myeongdong Korean BBQ Restaurant | All you can eat | BUFFET | kbbq | 明洞 サムギョプサル 明洞美食 明洞五花肉 l AYCE 명동 엉터리생고기 무한리필,4.8,7070,"[korean_barbecue_restaurant, barbecue_restaurant, barbecue_spots, korean_beef_restaurant, korean_restaurant, meat_buffet_restaurant, pork_belly_barbeque_restaurant, restaurant, wok_restaurant]","South Korea, Seoul, Jung District, 4길 23 2층",Seoul,+82 10-9511-0020,http://www.ungteori.com/,33936
Gozip Dol Wooluck Jungmun,4.7,6683,[fish_restaurant],"879 Iljuseo-ro, 특별자치도 Seogwipo-si, Jeju-do, South Korea",Jeju-do,+82 64-738-1540,https://www.gozipfish.com/,31410.1
"Geumsubokguk, Haeundae Head Store",4.2,7394,[fugu_restaurant],"23 Jungdong 1-ro 43beon-gil, Haeundae-gu, Busan, South Korea",Busan,+82 51-742-3600,,31054.8
"Ssada Gimbab, Myeongdong Station",4.9,5854,[korean_restaurant],"26 Myeongdong 8ga-gil, Jung District, Seoul, South Korea",Seoul,+82 2-318-1153,https://www.youtube.com/%40mss.rollitup,28684.6
Pizzeria O,4.8,5759,"[pizza_restaurant, italian_restaurant, spaghetti_restaurant]","86 Dongsung-gil, Jongno District, Seoul, South Korea",Seoul,+82 2-3673-5005,http://pizzeriao.com/,27643.2
Wangbijip Myeongdong Main store,4.7,5864,"[korean_barbecue_restaurant, barbecue_restaurant, korean_beef_restaurant, meat_restaurant, restaurant]","26 Myeongdong 8ga-gil, Jung District, Seoul, South Korea",Seoul,+82 2-3789-1945,https://www.instagram.com/wangbijib_official%3Figsh%3DMTBhZHVzcTRtNG83MA%3D%3D,27560.8
Woo Lae Oak,4.2,6305,[cold_noodle_restaurant],"62-29 Changgyeonggung-ro, Jung District, Seoul, South Korea",Seoul,+82 2-2265-0151,,26481
MUTAN COEX,4.9,5144,"[chinese_restaurant, fine_dining_restaurant, restaurant]","South Korea, Seoul, Gangnam District, Yeongdong-daero, 513 코엑스몰 B1층 H121호",Seoul,+82 2-551-7774,,25205.6
Joongang Haejang,4.3,5654,[korean_restaurant],"17 Yeongdong-daero 86-gil, Gangnam District, Seoul, South Korea",Seoul,+82 2-558-7905,http://www.joongangfnb.com/,24312.2
Somunnan Seongsu Gamjatang (Pork Bone Soup),4.1,5622,[korean_restaurant],"45 Yeonmujang-gil, Seongdong-gu, Seoul, South Korea",Seoul,+82 2-465-6580,,23050.2
합천일류돼지국밥,4.1,5139,"[pork_rice_soup_restaurant, korean_restaurant]","34 Gwangjang-ro, Sasang-gu, Busan, South Korea",Busan,+82 51-317-2478,,21069.9
Myeongjin Jeonbok Abalone Restaurant,4.1,5119,[seafood_restaurant],"1282 Haemajihaean-ro, Gujwa-eup, Jeju-si, Jeju-do, South Korea",Jeju-do,+82 64-782-9944,,20987.9
Gozip Dol Wooluck,4.6,4403,[korean_restaurant],"30 Imhang-ro, 특별자치도, Jeju-si, Jeju-do, South Korea",Jeju-do,+82 50-71436-1008,https://www.instagram.com/gozip_airport/,20253.8
Odarijip Ganjang Gejang,4.7,4266,"[crab_dish_restaurant, korean_restaurant, restaurant]","2F, 28 Myeongdong 8na-gil, Jung District, Seoul, South Korea",Seoul,+82 10-8487-3663,http://www.odarijip.com/,20050.2
Wangbijib Myeongdong Center store,4.8,4060,"[korean_barbecue_restaurant, barbecue_restaurant, korean_beef_restaurant, korean_rib_restaurant, meat_restaurant, pork_belly_barbeque_restaurant, restaurant]","45 Myeongdong 8na-gil, Jung District, Seoul, South Korea",Seoul,+82 2-776-2361,https://youtu.be/DvYl5s8Tjx8,19488
Bonjeon Dwaeji Gukbap,4.1,4572,[pork_rice_soup_restaurant],"3-8 Jungang-daero 214beon-gil, Dong-gu, Busan, South Korea",Busan,+82 51-441-2946,,18745.2
Eulmildae,4.2,4378,[cold_noodle_restaurant],"24 Sungmun-gil, Mapo-gu, Seoul, South Korea",Seoul,+82 2-717-1922,,18387.6
Ollae Guksu,4.1,4389,[noodle_shop],"24 Gwiarang-gil, 특별자치도, Jeju-si, Jeju-do, South Korea",Jeju-do,+82 64-742-7355,,17994.9
"Lee Jae Mo Pizza, Busan Headstore",4.4,4069,"[pizza_restaurant, western_restaurant]","31 Gwangbokjungang-ro, Jung-gu, Busan, South Korea",Busan,+82 51-245-1478,,17903.6
ungteori saenggogi - Hongdae (Korean bbq restaurant),4.8,3689,"[korean_barbecue_restaurant, barbecue_restaurant, barbecue_spots, korean_beef_restaurant, korean_restaurant, meat_buffet_restaurant, pork_belly_barbeque_restaurant, restaurant]","118 Eoulmadang-ro, Mapo-gu, Seoul, South Korea",Seoul,+82 2-324-9588,http://www.ungteori.com/,17707.2
PLE:EATING Terminal 2 Food Court,4.1,4283,[food_court],"272 Gonghang-ro, Jung-gu, Incheon, South Korea",Incheon,+82 1577-2600,,17560.3
일편등심 명동점 | Myeongdong Beef Korean BBQ restaurant kbbq Beef | 焼き肉 焼肉 グルメ レストラン| 烤肉美食餐廳 一片里脊 明洞店,4.9,3538,"[korean_beef_restaurant, barbecue_restaurant, fine_dining_restaurant, korean_barbecue_restaurant, korean_restaurant, meat_restaurant, restaurant]","South Korea, Seoul, Jung District, Myeongdong 10-gil, 18 KR 서울특별시 중구 명동2가 32-17 3층",Seoul,+82 2-6092-1092,https://g.page/r/CbB8IuZbskO1EAE/review,17336.2
Myeongdong Kyoja Branch,4.2,4063,"[kalguksu_restaurant, korean_restaurant, noodle_shop, steamed_bun_shop]","10 Myeongdong 10-gil, Seoul, South Korea",Seoul,+82 2-776-3424,http://www.mdkj.co.kr/,17064.6
Wangbijib Myeongdong 2nd store,4.8,3506,[korean_barbecue_restaurant],"13 Myeongdong 9-gil, Jung District, Seoul, South Korea",Seoul,+82 2-3789-1946,http://naver.me/5Q4WOwhI,16828.8
함경도찹쌀순대,4.2,4005,[soondae_restaurant],"32 Songpa-daero 28-gil, Songpa District, Seoul, South Korea",Seoul,+82 2-403-8822,,16821
Wangbijib Myeongdong Yukho(왕비집 육호점),4.8,3470,[korean_barbecue_restaurant],"64 Namdaemun-ro, Jung District, Seoul, South Korea",Seoul,+82 2-3789-1544,https://www.instagram.com/wangbijib_official%3Figsh%3DMTBhZHVzcTRtNG83MA%3D%3D,16656
Mugyo-dong Bugeo-guk,4.5,3698,[korean_restaurant],"38 Eulji-ro 1-gil, Jung District, Seoul, South Korea",Seoul,+82 2-777-3891,,16641
Myeongdong Korean BBQ restaurant Beef All You Can Eat Mongvely,4.9,3343,"[korean_barbecue_restaurant, korean_beef_restaurant, meat_buffet_restaurant, restaurant]","South Korea, Seoul, Jung District, Myeongdong 8na-gil, 9 3층",Seoul,+82 2-318-2688,/sites.google.com/view/korean-bbq-restaurant-mongvely/,16380.7
Hwanggeum Mokjang(Main Branch),4.8,3270,[korean_beef_restaurant],"6 Myeongdong 8na-gil, Jung District, Seoul, South Korea",Seoul,+82 2-753-3536,http://mgoldfarm.modoo.at/,15696
Vatos Itaewon,4.3,3613,[mexican_restaurant],"1 Itaewon-ro 15-gil, Yongsan District, Seoul, South Korea",Seoul,+82 2-797-8226,http://www.vatoskorea.com/,15535.9
Jinju House,4.2,3633,[noodle_shop],"South Korea, Seoul, Yeongdeungpo District, Gukjegeumyung-ro 6-gil, 33 지하 1층",Seoul,+82 2-780-6108,,15258.6
양자강,4.7,3209,[chinese_restaurant],"494 Yongyuseo-ro, Jung-gu, Incheon, South Korea",Incheon,+82 32-746-2666,https://m.place.naver.com/restaurant/20243525,15082.3
MUTAN Apgujeong Main Store(restaurants),4.8,3117,"[chinese_restaurant, fine_dining_restaurant, restaurant]","22 Nonhyeon-ro 176-gil, Gangnam District, Seoul, South Korea",Seoul,+82 2-549-9339,,14961.6
Yookji Hongdae,4.9,3000,"[korean_barbecue_restaurant, restaurant]","34 Dongmak-ro 3-gil, Seoul, South Korea",Seoul,+82 2-2088-3905,,14700
CHUNSHIM,4.2,3493,[fish_restaurant],"16 Changcheonjungang-ro 24beon-gil, Andeok-myeon, Seogwipo-si, Jeju-do, South Korea",Jeju-do,+82 64-794-4010,https://www.instagram.com/chunsim_official/,14670.6
Hongdae Korean BBQ All You Can Eat Pig Company,4.8,3023,"[korean_barbecue_restaurant, meat_restaurant, pork_belly_barbeque_restaurant, restaurant]","28 Hongik-ro 5an-gil, 서교동 Mapo-gu, Seoul, South Korea",Seoul,+82 2-322-8891,https://naver.me/5JJQHElC,14510.4
오목골 즉석메밀우동,4.1,3527,[udon_noodle_shop],"142 Seokjeong-ro, Michuhol-gu, Incheon, South Korea",Incheon,+82 32-868-1717,,14460.7
또순이네,4.2,3430,[korean_barbecue_restaurant],"16 Seonyu-ro 47-gil, Yeongdeungpo District, Seoul, South Korea",Seoul,+82 2-2672-2255,,14406
Jinju Hoegwan,4.2,3412,"[noodle_shop, korean_restaurant, restaurant]","26 Sejong-daero 11-gil, Jung District, Seoul, South Korea",Seoul,,,14330.4
Jinmi Pyeongyang Naengmyeon,4.2,3386,[cold_noodle_restaurant],"305-3 Hakdong-ro, Gangnam District, Seoul, South Korea",Seoul,+82 2-515-3469,https://jinmipy.modoo.at/,14221.2
Manjok Ohyang Jokbal (City Hall Branch),4.2,3365,"[pigs_totters_restaurant, restaurant]","134-7 Seosomun-ro, Jung District, Seoul, South Korea",Seoul,+82 2-753-4755,,14133
Mijin,4.1,3385,"[soba_noodle_shop, korean_restaurant, restaurant]","19 Jong-ro, Jongno District, Seoul, South Korea",Seoul,+82 2-732-1954,https://mijin1954.modoo.at/,13878.5
MUHANGAMDONG,4.9,2791,"[korean_barbecue_restaurant, barbecue_restaurant, korean_beef_restaurant, meat_buffet_restaurant, meat_restaurant, pork_belly_barbeque_restaurant, restaurant]","38-14 Myeongdong 8-gil, Jung District, Seoul, South Korea",Seoul,+82 2-3789-1233,,13675.9
Cry Cheeseburger Samseong Station,4.5,2983,"[hamburger_restaurant, fast_food_restaurant]","616 Teheran-ro, Daechi-dong, Gangnam District, Seoul, South Korea",Seoul,+82 2-566-6244,,13423.5
해물포장마차촌(연화리),4.2,3157,[seafood_restaurant],"119-10 Yeonhwa-ri, Gijang-eup, Gijang-gun, Busan, South Korea",Busan,,,13259.4
Heavy Steak Anguk Station,4.9,2667,[steak_house],"67 Yulgok-ro, Jongno District, Seoul, South Korea",Seoul,+82 2-745-3309,https://instagram.com/heavysteak_official%3Futm_source%3Dig_profile_share%26igshid%3D11m66pbh7ryaa,13068.3
Lim Byungjoo Sandong Kalguksu,4.1,3179,[noodle_shop],"65 Gangnam-daero 37-gil, Seocho District, Seoul, South Korea",Seoul,+82 2-3473-7972,https://sandongkalguksu.modoo.at/,13033.9
해운대 기와집 대구탕,4.1,3175,"[korean_restaurant, restaurant]","4 Dalmaji-gil 50beon-gil, Haeundae-gu, Busan, South Korea",Busan,+82 51-731-5020,,13017.5
Yeongdong Seolleongtang,4.1,3161,"[seolleongtang_restaurant, korean_restaurant]","24 Gangnam-daero 101an-gil, Seocho District, Seoul, South Korea",Seoul,+82 2-543-4716,,12960.1
Sinbalwon,4.1,3159,"[dumpling_restaurant, chinese_restaurant]","62 Daeyeong-ro 243beon-gil, Dong-gu, Busan, South Korea",Busan,+82 51-467-0177,https://blog.naver.com/shinfayuen1951-/222962852709,12951.9
MidoGalbi,4.8,2660,"[korean_barbecue_restaurant, barbecue_restaurant, korean_beef_restaurant, korean_restaurant, korean_rib_restaurant, meat_restaurant]","25 Samil-daero 15-gil, Jongno District, Seoul, South Korea",Seoul,+82 10-9741-9233,https://redtable.global/ko/food/948206,12768
Kyochon Chicken Dongdaemun 1st Branch,4.3,2964,[fried_chicken_takeaway],"294 Jong-ro, Jongno District, Seoul, South Korea",Seoul,+82 2-2231-9337,http://www.kyochon.com/shop/domestic_sch.asp%3Fshop_id%3D508%26sido1%3D1%26sido2%3D24,12745.2
Hwanggeum Mokjang (Myeongdong Cathedral Branch),4.8,2655,[korean_beef_restaurant],"23 Myeongdong 10-gil, Jung District, Seoul, South Korea",Seoul,+82 2-318-2426,,12744
Hongs Zzuggumi,4.6,2768,[seafood_restaurant],"146 Eoulmadang-ro, Mapo-gu, Seoul, South Korea",Seoul,+82 2-325-7943,http://www.hongsjjuggumi.com/,12732.8
Pizza Hill - Walkerhill,4.3,2952,[pizza_restaurant],"177 Walkerhill-ro, Gwangjin District, Seoul, South Korea",Seoul,+82 2-450-4699,https://www.walkerhill.com/vistawalkerhillseoul/dining/PizzaHill,12693.6
Namaste Haeundae,4.8,2624,"[indian_restaurant, halal_restaurant, indian_muslim_restaurant, nepalese_restaurant]","7 Haeundaehaebyeon-ro 265beon-gil, Haeundae-gu, Busan, South Korea",Busan,+82 51-746-1946,,12595.2
Hongdae Restaurant GIT TTEUL (korean bbq),5,2504,"[korean_barbecue_restaurant, meat_restaurant, restaurant]","South Korea, Seoul, Mapo-gu, Seogyo-dong, Jandari-ro 3an-gil, 27 1,2층",Seoul,+82 70-8777-6900,https://naver.me/GfCEZgFY,12520
JD BBQ,4.9,2517,"[korean_barbecue_restaurant, bulgogi_restaurant, korean_beef_restaurant, korean_rib_restaurant, meat_restaurant]","13 Itaewon-ro 19-gil, Yongsan District, Seoul, South Korea",Seoul,+82 2-790-1555,,12333.3
Nongmin Baegam Sundae Main,4.5,2730,[korean_restaurant],"40-4 Seolleung-ro 86-gil, Gangnam District, Seoul, South Korea",Seoul,+82 2-555-9603,,12285
이태리국시 한남(ITALYGUKSI HANNAM),4.9,2478,[fusion_restaurant],"South Korea, Seoul, Yongsan District, Itaewon-ro, 234 극동스푸링쿨라(주 2층",Seoul,+82 2-797-0950,,12142.2
Gozip Dol Wooluck Hamdeok,4.6,2616,[seafood_restaurant],"South Korea, Jeju-do, Jeju-si, 특별자치도, Jocheon-eup, Sinbuk-ro, 491-9 2 층",Jeju-do,+82 50-71353-6061,https://gozipfish.com/,12033.6
Texas de Brazil Central City,4.1,2913,"[brazilian_restaurant, latin_american_restaurant, meat_restaurant, restaurant, south_american_restaurant]","South Korea, Seoul, Seocho District, Sapyeong-daero, 205 고속터미널 3번출구 앞 전방 50m위치",Seoul,+82 2-6282-5000,https://texasdebrazil.com/locations/seoul-central-city/,11943.3
Song-rim Restaurant,4.1,2888,[korean_restaurant],"79 Jayangbeonyeong-ro, Gwangjin District, Seoul, South Korea",Seoul,+82 2-457-5473,,11840.8
Hwangsaengga Kalguksu,4.2,2804,"[noodle_shop, korean_restaurant]","78 Bukchon-ro 5-gil, Jongno District, Seoul, South Korea",Seoul,+82 2-739-6334,https://hwangsanga.modoo.at/,11776.8
Geumdwaeji Sikdang,4.2,2789,[korean_barbecue_restaurant],"149 Dasan-ro, Jung District, Seoul, South Korea",Seoul,+82 10-4484-8750,,11713.8
강강술래 상계점,4.1,2856,[korean_barbecue_restaurant],"1628 Dongil-ro, Nowon-gu, Seoul, South Korea",Seoul,+82 2-935-9233,http://www.sullai.com/,11709.6
Taco Tuesday Seongsu,4.9,2377,"[mexican_restaurant, bar, restaurant]","10 Wangsimni-ro 10-gil, Seongdong-gu, Seoul, South Korea",Seoul,+82 50-71319-0248,https://map.naver.com/p/search/%25ED%2583%2580%25EC%25BD%2594%25ED%258A%259C%25EC%25A6%2588%25EB%258D%25B0%25EC%259D%25B4/place/1836736663,11647.3
Hosu Samgyetang,4.1,2814,"[chicken_restaurant, restaurant]","274-1 Dorim-ro, Yeongdeungpo District, Seoul, South Korea",Seoul,+82 2-848-2440,,11537.4
영진돼지국밥 본점,4.5,2562,[pork_rice_soup_restaurant],"39 Hasinbeonyeong-ro 157beon-gil, Saha-gu, Busan, South Korea",Busan,+82 51-206-3820,,11529
Miyoung's Sashimi,4.5,2557,[seafood_restaurant],"770-29 Hamo-ri, Daejeong-eup, Seogwipo-si, Jeju-do, South Korea",Jeju-do,+82 64-792-0077,,11506.5
Saemaul Restaurant Hongdae Seogyo Branch,4.7,2417,[korean_barbecue_restaurant],"144 Eoulmadang-ro, Mapo-gu, Seoul, South Korea",Seoul,+82 2-332-0120,,11359.9
Byeoryangjip,4.7,2308,"[korean_barbecue_restaurant, korean_restaurant, meat_restaurant, restaurant]","17 Teheran-ro 43-gil, Gangnam District, Seoul, South Korea",Seoul,+82 2-501-2937,https://m.place.naver.com/restaurant/19872940/home,10847.6
Star Samarkand (Halal),4.2,2542,[uzbek_restaurant],"14 Eulji-ro 42-gil, Jung District, Seoul, South Korea",Seoul,+82 2-2279-7780,https://youtu.be/Xp5XlhAtZ_c,10676.4
식당3선 센텀점,4.2,2524,[korean_barbecue_restaurant],"230 Haeun-daero, Haeundae-gu, Busan, South Korea",Busan,+82 51-781-0808,http://www.3sun.kr/,10600.8
BB.Q Chicken Myeongdong Star,4.7,2246,"[chicken_restaurant, chicken_shop]","2 Myeongdong 4-gil, Jung District, Seoul, South Korea",Seoul,+82 2-318-8809,http://www.bbq.co.kr/,10556.2
Ilpyeon Jangeo Hongdae,4.9,2150,[restaurant],"South Korea, Seoul, Mapo-gu, Yanghwa-ro 16-gil, 15 2층 201호",Seoul,+82 2-336-6716,https://naver.me/x7ncP3WL,10535
도두해녀의집,4.1,2560,[restaurant],"16 Doduhang-gil, 특별자치도, Jeju-si, Jeju-do, South Korea",Jeju-do,,,10496
60년전통 할매국밥,4.2,2484,[pork_rice_soup_restaurant],"4 Jungang-daero 533beon-gil, Dong-gu, Busan, South Korea",Busan,+82 51-646-6295,,10432.8
Jeju Gommak Restaurant,4.3,2424,[sashimi_restaurant],"64 Gujwahaean-ro, Gujwa-eup, Jeju-si, Jeju-do, South Korea",Jeju-do,+82 64-727-5111,,10423.2
Gaemi-jip Seomyeon 1st street branch,4.2,2452,[long_legged_octopus_restaurant],"73 Sincheon-daero 62beon-gil, Busanjin District, Busan, South Korea",Busan,+82 51-819-8809,,10298.4
Daedo Sikdang,4.1,2480,"[korean_barbecue_restaurant, meat_restaurant]","431-2 Hongik-dong, Seongdong-gu, Seoul, South Korea",Seoul,+82 2-2292-9772,http://kitchenborie.com/%25ED%2582%25A4%25EC%25B9%259C%25EB%25B3%25B4%25EB%25A6%25AC%25EC%2597%2590-%25EB%25B8%258C%25EB%259E%259C%25EB%2593%259C/%25EB%258C%2580%25EB%258F%2584%25EC%258B%259D%25EB%258B%25B9/,10168
Persian Palace Restaurant,4.7,2153,"[persian_restaurant, middle_eastern_restaurant, restaurant]","9 Sungkyunkwan-ro 6-gil, Jongno District, Seoul, South Korea",Seoul,+82 2-763-6050,http://www.persianpalace.com/,10119.1
Bono Bono Samseong,4.1,2463,"[buffet_restaurant, seafood_restaurant]","508 Teheran-ro, Gangnam District, Seoul, South Korea",Seoul,+82 2-3288-8080,http://bonobonopremium.com/,10098.3
Kampungku Restaurant,4.5,2243,[halal_restaurant],"16-4 Namsan-dong 2(i)-ga, Jung District, Seoul, South Korea",Seoul,+82 2-310-9249,https://m.facebook.com/kampungkumyeongdong/,10093.5
Taecho,5,2018,[korean_barbecue_restaurant],"South Korea, Seoul, Mapo-gu, Eoulmadang-ro, 122 2층",Seoul,+82 10-2733-4590,,10090
Goryeo Samgyetang City Hall Branch,4.1,2454,[samgyetang_restaurant],"1 Seosomun-ro 11-gil, Jung District, Seoul, South Korea",Seoul,+82 2-752-9376,https://www.krsamgyetang.com/,10061.4
Heavy Steak Jongno-gu office,4.8,2089,[steak_house],"42 Sambong-ro, Jongno District, Seoul, South Korea",Seoul,+82 2-733-3309,https://instagram.com/heavysteak_official%3Futm_source%3Dig_profile_share%26igshid%3D11m66pbh7ryaa,10027.2
은희네해장국 본점,4.3,2327,[hangover_soup_restaurant],"357-4 일도2동 Jeju-si, Jeju-do, South Korea",Jeju-do,+82 64-726-5622,,10006.1
하남돼지집 동대문점,4.9,2021,[restaurant],"South Korea, Seoul, Jung District, Eulji-ro 43-gil, 9 하남돼지집동대문점 1층",Seoul,+82 10-4814-1876,https://www.hanampig.co.kr/,9902.9
Seoul Shilla Hotel The Parkview,4.5,2177,"[buffet_restaurant, eclectic_restaurant, restaurant]","249 Dongho-ro, Jung District, Seoul, South Korea",Seoul,+82 2-2230-3374,https://www.shilla.net/seoul/dining/viewDining.do%3FcontId%3DPAR%23ad-image-0,9796.5
Goraesa Eomuk Fishcake Shop,4.2,2321,"[oden_restaurant, restaurant]","14 Gunam-ro, Haeundae-gu, Busan, South Korea",Busan,+82 1577-9820,http://www.goraesa.com/,9748.2
Donsadon (Main Branch),4.1,2375,[korean_barbecue_restaurant],"3086-3 노형동 Jeju-si, Jeju-do, South Korea",Jeju-do,+82 64-746-8989,,9737.5
해운대 가야밀면,4.1,2375,[cold_noodle_restaurant],"South Korea, Busan, Haeundae-gu, Jwadongsunhwan-ro, 27 가야밀면",Busan,+82 51-747-9404,https://smkt.co.kr/ad/%3Fcc%3Dgaya_milmyeon,9737.5
Urban Garden,4.2,2308,[italian_restaurant],"12-15 Jeongdong-gil, Jung District, Seoul, South Korea",Seoul,+82 2-777-2254,http://www.urbangarden.co.kr/,9693.6
ABIKO CURRY,4.9,1968,[japanese_curry_restaurant],"South Korea, Seoul, Yeongdeungpo District, Yeongjung-ro, 15 B1층",Seoul,+82 2-2634-0122,,9643.2
국제밀면 본점,4.2,2292,[cold_noodle_restaurant],"23-6 Jungang-daero 1235beon-gil, Yeonje-gu, Busan, South Korea",Busan,+82 51-501-5507,,9626.4
Outback Steakhouse Jamsil,4.1,2338,"[steak_house, family_restaurant]","466 Songpa-daero, Songpa District, Seoul, South Korea",Seoul,+82 2-418-4071,https://www.outback.co.kr/,9585.8
맘모스회센터,4.2,2277,[sashimi_restaurant],"27 Hang-dong 7(chil)-ga, Jung-gu, Incheon, South Korea",Incheon,+82 32-882-2246,,9563.4
Seongbuk-dong Myeonok,4.1,2323,[korean_restaurant],"40 Daesagwan-ro, Seongbuk District, Seoul, South Korea",Seoul,+82 2-765-3450,,9524.3
외식1번가 부산본점,4.2,2256,"[korean_barbecue_restaurant, restaurant]","222 Sincheon-daero, Busanjin District, Busan, South Korea",Busan,+82 51-816-0007,http://www.first1st.com/,9475.2
Janginuijip,4.5,2103,[dumpling_restaurant],"31 Aewol-ro 19-gil, Aewol-eup, Jeju-si, Jeju-do, South Korea",Jeju-do,+82 64-799-1610,https://m.place.naver.com/restaurant/1727176524/,9463.5
Jeonju Jeon Jip,4.1,2301,[korean_restaurant],"19 Dongjak-daero 7-gil, Dongjak District, Seoul, South Korea",Seoul,+82 2-581-1419,,9434.1
Linus BBQ,4.2,2245,"[southern_us_restaurant, barbecue_restaurant]","136-13 Itaewon-ro, Yongsan District, Seoul, South Korea",Seoul,+82 2-790-2920,https://www.facebook.com/LinusBBQ/timeline,9429
Seoil Sundaeguk 1,4.2,2234,[soondae_restaurant],"367-33 신대방제2동 Dongjak District, Seoul, South Korea",Seoul,+82 2-821-3468,,9382.8
수변최고돼지국밥 본점,4.4,2129,[korean_restaurant],"9-32 Gwanganhaebyeon-ro 370beon-gil, Suyeong-gu, Busan, South Korea",Busan,+82 51-754-9222,http://www.xn--299amk01o1njbwar8ud2ne5g.kr/%2520%2520%25EB%25A7%25A4%25EC%25A3%25BC%2520%25EC%2588%2598%25EC%259A%2594%25EC%259D%25BC%2520%25ED%259C%25B4%25EB%25AC%25B4,9367.6
Gatten Sushi Gangnam,4.3,2170,[casual_sushi_restaurant],"109 Teheran-ro, Gangnam District, Seoul, South Korea",Seoul,+82 2-2051-1477,https://www.instagram.com/gattensushi_kr,9331
Mutan Gwanghwamun Branch(restaurants),4.9,1904,"[chinese_restaurant, meal_delivery, restaurant]","South Korea, Seoul, Jongno District, Saemunan-ro, 68 지하 1층",Seoul,+82 2-730-7773,,9329.6
Dombedon,4.3,2159,"[barbecue_restaurant, restaurant]","25 Gwandeok-ro 15-gil, Geonip-dong, Jeju-si, Jeju-do, South Korea",Jeju-do,+82 64-753-0008,,9283.7
Niroumianguan,4.7,1970,"[noodle_shop, chinese_noodle_restaurant, chinese_restaurant, restaurant, soup_shop, steamed_bun_shop, taiwanese_restaurant]","75-2 Cheonggyecheon-ro, Gwancheol-dong, Jongno District, Seoul, South Korea",Seoul,+82 70-7777-2256,https://linktr.ee/niroumianguan,9259
Sugar Skull Central City,4.9,1887,[mexican_restaurant],"205 Sapyeong-daero, Seocho District, Seoul, South Korea",Seoul,+82 2-6245-8701,,9246.3
Petra,4.6,2010,[halal_restaurant],"33 Noksapyeong-daero 40-gil, Yongsan District, Seoul, South Korea",Seoul,+82 2-790-4433,,9246
Sundae Silrok,4.5,2054,[soondae_restaurant],"127 Dongsung-gil, Jongno District, Seoul, South Korea",Seoul,+82 2-742-5338,http://www.sundaestory.com/,9243
Gop Mapo,4.6,2006,"[gopchang_restaurant, guts_barbecue_restaurant, korean_barbecue_restaurant, korean_restaurant, restaurant]","31-1 Dohwa-gil, Mapo-gu, Seoul, South Korea",Seoul,+82 2-713-5201,https://www.instagram.com/gop.mapo/,9227.6
할매재첩국,4.2,2197,[korean_restaurant],"69-4 삼락동 Sasang-gu, Busan, South Korea",Busan,+82 51-301-5321,,9227.4
Nature Shabu Shabu,4.9,1883,[shabu_shabu_restaurant],"South Korea, Jeju-do, Seogwipo-si, 특별자치도, Seoho-dong, 1615-10 KR 자연샤브 1층",Jeju-do,+82 10-4972-7400,https://www.instagram.com/nature_shabu%3Figsh%3DOTBoMGs2d3huOTQ2%2520https://www.instagram.com/nature_shabu%3Figsh%3DOTBoMGs2d3huOTQ2,9226.7
63 Buffet Pavilion,4.3,2129,[buffet_restaurant],"South Korea, 빌딩) GF층 63 KR 서울특별시 영등포구 서울특별시 영등포구 63로 50 서울특별시 영등포구 여의도동 60 한화생명빌딩",Seoul,+82 2-789-5731,https://www.63restaurant.co.kr/,9154.7
Mangwon-dong Udon and Donkas,4.1,2232,[udon_noodle_shop],"83 Donggyo-ro, Mapo-gu, Seoul, South Korea",Seoul,+82 2-336-1330,,9151.2
일편등심 홍대본점 | Hongdae Beef Korean BBQ illpyeon Sirloin,4.8,1905,"[korean_beef_restaurant, restaurant]","52 Hongik-ro 6-gil, Mapo-gu, Seoul, South Korea",Seoul,+82 2-6212-1092,https://linktr.ee/ilpyeonhongdae,9144
Oreno Ramen Main Store,4.6,1973,[ramen_restaurant],"14 Dongmak-ro 6-gil, Mapo-gu, Seoul, South Korea",Seoul,+82 2-322-3539,,9075.8
솥내음 코엑스몰점,5,1807,[korean_restaurant],"South Korea, Seoul, Gangnam District, Yeongdong-daero, 513 KR 서울특별시 강남구 지하1층 0 107호",Seoul,+82 2-6002-3066,"https://map.naver.com/p/search/%25EC%2586%25A5%25EB%2582%25B4%25EC%259D%258C%2520%25EC%25BD%2594%25EC%2597%2591%25EC%258A%25A4/place/1066276781%3FplacePath%3D%3Fentry%3Dpll%26from%3Dnx%26fromNxList%3Dtrue%26searchType%3Dplace%26c%3D15.00,0,0,0,dh",9035
Sushi Doku,4.6,1959,"[sushi_restaurant, casual_japanese_style_restaurant]","6 Wangsimnigwangjang-ro, Seongdong-gu, Seoul, South Korea",Seoul,+82 2-2295-2015,https://sushidoku.modoo.at/,9011.4
Naengsutang Garden,4.2,2136,[grilled_duck_restaurant],"107 Gayagongwon-ro, Busanjin District, Busan, South Korea",Busan,+82 51-897-5252,,8971.2
Aria,4.5,1991,"[buffet_restaurant, restaurant]","106 Sogong-ro, Jung District, Seoul, South Korea",Seoul,+82 2-317-0357,https://www.josunhotel.com/resve/dining/resveForm.do%3FsearchSysCode%3DTWC%26searchDiningCode%3D003,8959.5
Famille Station,4.1,2166,[food_court],"176 Sinbanpo-ro, Seocho District, Seoul, South Korea",Seoul,+82 2-6282-0114,http://www.centralcityseoul.co.kr/famille,8880.6
벌말매운탕,4.1,2165,[restaurant],"5 Beolmal-ro 565beon-gil, Gyeyang-gu, Incheon, South Korea",Incheon,+82 32-544-5785,http://www.bulmal.com/,8876.5
Jungdon,4.4,2013,[tonkatsu_restaurant],"12 Daehak-ro 9-gil, Jongno District, Seoul, South Korea",Seoul,+82 2-987-0924,,8857.2
Daesungjip,4.3,2044,[korean_restaurant],"5 Sajik-ro, Jongno District, Seoul, South Korea",Seoul,+82 2-735-4259,http://daesungjip.modoo.at/,8789.2
Motoishi Gwangalli,5,1756,[japanese_restaurant],"122 Gwangnam-ro, Suyeong-gu, Busan, South Korea",Busan,+82 50-71457-1094,https://www.instagram.com/motoishi__gwangalli/,8780
Matchandeul Wang Sogeumgui,4.4,1995,[korean_barbecue_restaurant],"24-3 Jungang-daero 691beonga-gil, Busanjin District, Busan, South Korea",Busan,+82 51-808-6088,http://www.matwang.com/,8778
Gubok Mandu,4.1,2140,[dumpling_restaurant],"7 Duteopbawi-ro, Yongsan District, Seoul, South Korea",Seoul,+82 2-797-8656,http://goobokmandoo.modoo.at/,8774
Daesung Jib,4.2,2088,"[hangover_soup_restaurant, korean_restaurant]","4 Wangsan-ro 11-gil, Dongdaemun District, Seoul, South Korea",Seoul,+82 2-923-1718,https://instagram.com/daesung_1967,8769.6
Geohae Jjamppong Soft Bean Curd Soup,4.1,2136,[tofu_restaurant],"220 Yongyu-ro, Jung-gu, Incheon, South Korea",Incheon,+82 32-747-2276,https://store.naver.com/restaurants/detail%3Fentry%3Dplt%26id%3D1239375729%26query%3D%25EC%2598%2581%25EC%25A2%2585%25EB%258F%2584%25EB%25A7%259B%25EC%25A7%2591,8757.6
월화고기 보라매점| 신림 맛집|korean bbq restaurant | Boramae samgyupsal サムギョプサル | 焼肉 | 烤肉 |신림회식 |신림역맛집 |보라매회식ㅣ관악구맛집ㅣ동작구맛집,4.6,1896,"[meat_restaurant, korean_restaurant]","16 Boramae-ro 3-gil, Gwanak-gu, Seoul, South Korea",Seoul,+82 2-888-7592,http://wolhwa.co.kr/,8721.6
Obok Potlid Hongik Univ. Banga Branch,4.8,1813,"[korean_barbecue_restaurant, barbecue_restaurant, korean_restaurant]","116-1 Eoulmadang-ro, Mapo-gu, Seoul, South Korea",Seoul,,"https://map.naver.com/p/entry/place/1545570141%3Fc%3D15.00,0,0,0,dh%26placePath%3D/home",8702.4
Jeju Gwanghae Aewol Main Branch,4.5,1933,[korean_restaurant],"867 Aewolhaean-ro, Aewol-eup, Jeju-si, Jeju-do, South Korea",Jeju-do,+82 64-713-4789,http://7134789.modoo.at/,8698.5
Haemok Haeundae,4.4,1972,[unagi_restaurant],"8 Gunam-ro 24beon-gil, Haeundae-gu, Busan, South Korea",Busan,,,8676.8
유림,4.2,2060,[chicken_restaurant],"5 Gonghang-daero 71-gil, Gangseo-gu, Seoul, South Korea",Seoul,+82 2-3665-3930,,8652
Yukhoe Jamaejip Head Store,4.2,2025,[korean_beef_restaurant],"200-4 종로 Jongno District, Seoul, South Korea",Seoul,+82 2-2274-8344,https://www.instagram.com/uke.zamezip/,8505
Bongpiyang Bangi,4.1,2068,[korean_barbecue_restaurant],"1-4 Yangjae-daero 71-gil, Songpa District, Seoul, South Korea",Seoul,+82 2-415-5527,https://www.bjgalbi.com/store/store%3Fquery%3D%25uC1A1%25uD30C,8478.8
bogwangjung,4.9,1724,"[korean_barbecue_restaurant, pork_belly_barbeque_restaurant, restaurant]","1 floor, 118 Bogwang-ro, Yongsan District, Seoul, South Korea",Seoul,+82 10-3648-3118,https://www.instagram.com/bogwangjung_official,8447.6
Korea House,4.4,1919,"[korean_traditional_full_course_meal_restaurant, korean_restaurant, restaurant, tourist_attraction]","10 Toegye-ro 36-gil, Jung District, Seoul, South Korea",Seoul,+82 2-2266-9101,https://www.chf.or.kr/kh,8443.6
wangbijip Jongno,4.7,1795,"[korean_barbecue_restaurant, barbecue_restaurant, korean_beef_restaurant, korean_rib_restaurant, meat_restaurant, pork_belly_barbeque_restaurant, restaurant]","South Korea, Seoul, Jongno District, Samil-daero 15-gil, 24 2층",Seoul,+82 2-720-3066,https://www.instagram.com/wangbijib_official%3Figsh%3DMTBhZHVzcTRtNG83MA%3D%3D,8436.5
중문수두리보말칼국수,4.6,1831,[restaurant],"192 Cheonjeyeon-ro, 중문동 Seogwipo-si, Jeju-do, South Korea",Jeju-do,+82 64-739-1070,http://instagram.com/suduribomal_noodle,8422.6
Pungcheon Jangeo(eel),4.5,1871,[unagi_restaurant],"39 Donggyo-ro 27-gil, Mapo-gu, Seoul, South Korea",Seoul,+82 2-332-8361,,8419.5
Sulbing,4.3,1950,[dessert_restaurant],"15 Hongik-ro 6-gil, Mapo-gu, Seoul, South Korea",Seoul,+82 2-323-3287,https://sulbing.com/,8385
Seo-book Noodle,4.2,1996,[cold_noodle_restaurant],"199-1 Jayang-ro, Gwangjin District, Seoul, South Korea",Seoul,+82 2-457-8319,,8383.2
Buchon Yukhoe Main Store,4.4,1904,[korean_restaurant],"200-12 종로, Jongno District, Seoul, South Korea",Seoul,+82 2-2267-1831,https://bcyukhoe.modoo.at/,8377.6
Cry Cheese Burger Yangjae,4.6,1806,"[hamburger_restaurant, fast_food_restaurant]","8 Gangnam-daero 41-gil, Seocho District, Seoul, South Korea",Seoul,+82 2-582-6244,https://www.instagram.com/crycheeseburger.official/,8307.6
Eunjujeong,4.2,1960,[korean_restaurant],"32 Changgyeonggung-ro 8-gil, Jung District, Seoul, South Korea",Seoul,+82 2-2265-4669,,8232
Myeongdong Korean BBQ All You Can Eat Pig Company,4.9,1675,"[korean_barbecue_restaurant, barbecue_restaurant, family_restaurant, meat_buffet_restaurant, meat_restaurant, pork_belly_barbeque_restaurant, restaurant]","South Korea, Seoul, Jung District, Myeongdong 3-gil, 44 3층",Seoul,+82 2-318-2990,https://naver.me/GqsKJenG,8207.5
전망좋은횟집&흑돼지 성산본점,4.5,1823,"[sashimi_restaurant, asian_restaurant, japanese_restaurant, seafood_restaurant]","399-8 Seongsan-ri, Seongsan-eup, 특별자치도, Seogwipo-si, Jeju-do, South Korea",Jeju-do,+82 64-784-1568,,8203.5
"Sinchon Yangpuni, Seomyeon",4.9,1668,[meat_restaurant],"27-2 Seojeon-ro 10beon-gil, Busanjin District, Busan, South Korea",Busan,+82 51-804-0990,http://naver.me/5KOUFqus,8173.2
Hanlim Kalguksu,4.2,1943,[noodle_shop],"1328-15 Hanrim-ri, Hallim-eup, Jeju-si, Jeju-do, South Korea",Jeju-do,+82 70-8900-3339,https://naver.me/GY2TiTkT,8160.6
MUTAN Yeouido Store(restaurants),4.9,1662,"[chinese_restaurant, fine_dining_restaurant, restaurant]","South Korea, 201 KR 서울특별시 영등포구 의사당대로 96 TP Tower 2층 202호",Seoul,+82 2-6373-2201,https://www.instagram.com/mutandining,8143.8
Pohang Dwaeji-gukbap,4.1,1983,"[pork_rice_soup_restaurant, restaurant]","27 Seomyeon-ro 68beon-gil, Busanjin District, Busan, South Korea",Busan,+82 51-807-5439,,8130.3
도희네,4.5,1799,"[korean_restaurant, seafood_restaurant]","157 Cheongsapo-ro, Haeundae-gu, Busan, South Korea",Busan,+82 51-704-0113,https://naver.me/FPseoKQ5,8095.5
Downtowner Hannam,4.4,1833,"[hamburger_restaurant, fast_food_restaurant]","12 Daesagwan-ro 5-gil, Yongsan District, Seoul, South Korea",Seoul,+82 70-8806-3696,https://instagram.com/downtowner.official,8065.2
본참치 (bon chamchi tuna),4.5,1787,"[tuna_restaurant, seafood_restaurant]","91번길9 Jungang-daero, Jung-gu, Busan, South Korea",Busan,+82 51-463-3737,https://www.instagram.com/bonchamchi_busan/%3Fhl%3Dko,8041.5
Brooklyn The Burger Joint Garosugil,4.3,1868,"[hamburger_restaurant, fast_food_restaurant, restaurant]","12 Dosan-daero 15-gil, Gangnam District, Seoul, South Korea",Seoul,+82 2-545-0718,,8032.4
Marusim,4.3,1857,"[casual_japanese_style_restaurant, unagi_restaurant]","South Korea, Seoul, Seocho District, Gomurae-ro 10-gil, 10 청구빌딩 1층",Seoul,+82 2-592-8998,http://marusim.co.kr/,7985.1
Deungchon ChoeWolSeon Kalguksoo,4.3,1856,[kalguksu_restaurant],"68 Hwagok-ro 64-gil, Gangseo-gu, Seoul, South Korea",Seoul,+82 2-3661-2744,,7980.8
Cheongwaok Main Store,4.2,1899,[korean_restaurant],"48 Wiryeseong-daero, Bangi-dong, Songpa District, Seoul, South Korea",Seoul,+82 2-416-3456,,7975.8
Mongnan,4.1,1938,"[chinese_restaurant, asian_restaurant, restaurant]","21 Yeonhui-ro 15-gil, Seodaemun-gu, Seoul, South Korea",Seoul,+82 2-732-0054,,7945.8
Yeondon,4.2,1884,[tonkatsu_restaurant],"968-10 Iljuseo-ro, 특별자치도, Seogwipo-si, Jeju-do, South Korea",Jeju-do,+82 50-71386-7060,http://www.instagram.com/yeondon2014,7912.8
Mongtan,4.2,1879,"[korean_barbecue_restaurant, barbecue_restaurant]","50 Baekbeom-ro 99-gil, Yongsan District, Seoul, South Korea",Seoul,+82 2-794-8592,https://mongtan.co.kr/,7891.8
금수복국 압구정점,4.2,1878,[fugu_restaurant],"821 Eonju-ro, Gangnam District, Seoul, South Korea",Seoul,+82 2-542-5482,,7887.6
Pig Restaurant 2,4.9,1591,[korean_barbecue_restaurant],"South Korea, Seoul, Yongsan District, Bogwang-ro 59-gil, 14 1층",Seoul,+82 70-8118-7370,,7795.9
Wolfgang’s Steakhouse,4.3,1804,[steak_house],"21 Seolleung-ro 152-gil, Gangnam District, Seoul, South Korea",Seoul,+82 2-556-8700,,7757.2
Myth Jokbal Hongdae,4.2,1846,"[meat_restaurant, bar, chinese_restaurant, korean_restaurant, pigs_totters_restaurant]","123-1 Eoulmadang-ro, Mapo-gu, Seoul, South Korea",Seoul,+82 2-337-2111,,7753.2
sam sam sam,4.7,1649,[western_restaurant],"25 Hangang-daero 50-gil, Yongsan District, Seoul, South Korea",Seoul,+82 50-71309-1103,https://instagram.com/samsamsam.kr,7750.3
가야포차선지국밥 본점,4.2,1841,[korean_restaurant],"58 Gayagongwon-ro, Busanjin District, Busan, South Korea",Busan,+82 51-894-6921,,7732.2
Mapo Yangji Ox Bone Soup,4.1,1885,"[seolleongtang_restaurant, korean_restaurant]","6 Saechang-ro, Mapo-gu, Seoul, South Korea",Seoul,+82 2-716-8616,https://mapoyangji.modoo.at/,7728.5
hansikwangbijib,4.9,1577,[korean_barbecue_restaurant],"South Korea, Seoul, Jung District, Myeongdong 6-gil, 15 한식왕비집 B1",Seoul,+82 2-777-7004,,7727.3
"Bas Burger, Yeouido Branch",4.4,1755,"[hamburger_restaurant, fast_food_restaurant]","20 Gukjegeumyung-ro, Yeongdeungpo District, Seoul, South Korea",Seoul,+82 2-784-6643,https://www.instagram.com/basburger_/,7722
Samjin Amook Main Branch,4.3,1791,"[oden_restaurant, restaurant]","36 Taejong-ro 99beon-gil, Yeongdo-gu, Busan, South Korea",Busan,+82 51-412-5468,http://www.samjinfood.com/,7701.3
Sukseongdo,4.3,1785,"[korean_barbecue_restaurant, barbecue_restaurant]","41 Wonnohyeong-ro, 특별자치도, Jeju-si, Jeju-do, South Korea",Jeju-do,+82 64-743-8877,,7675.5
Gondrejip,4.2,1824,[korean_restaurant],"South Korea, Seoul, Seocho District, Cheongnyongmaeul 1-gil, 1 1 2층",Seoul,,http://namul.365food.com/,7660.8
현선이네 용산본점,4.3,1769,[tteokbokki_restaurant],"2-13 Hangang-daero 39-gil, Yongsan District, Seoul, South Korea",Seoul,+82 10-4750-8886,,7606.7
Original Jobakjip 趙朴家,4.2,1801,"[korean_barbecue_restaurant, korean_restaurant]","South Korea, Seoul, Mapo-gu, Tojeong-ro, 313-1 1층동",Seoul,+82 2-712-7462,https://jb-on.com/,7564.2
신림춘천집 구로디지털 직영점 l 新林春川家 九老數位直營店 l 新林チュンチョンチプ 九老デジタル直営店 l Sillim Chuncheon House Guro Digital Directly Managed Branch l 구로맛집,4.7,1575,[chicken_rib_restaurant],"17-23 Digital-ro 32na-gil, Guro-dong, Guro District, Seoul, South Korea",Seoul,+82 2-868-1998,https://m.place.naver.com/restaurant/1678728552/home%3Fentry%3Dple,7402.5
Ido Gomtang,4.3,1719,[restaurant],"671-17 Yeoksam-dong, Gangnam District, Seoul, South Korea",Seoul,+82 2-569-0524,,7391.7
Bonny’s Pizza Pub,4.3,1718,"[pizza_restaurant, bar, restaurant]","2 Sinheung-ro 3-gil, Yongsan District, Seoul, South Korea",Seoul,+82 2-792-0303,https://www.facebook.com/BonnysPub%23_%3D_,7387.4
woojeongsogalbi,4.8,1535,[restaurant],"South Korea, Seoul, Jung District, Eulji-ro 43-gil, 38 1층",Seoul,+82 2-2266-0322,https://www.instagram.com/woojeongso032_dongdaemun/,7368
Gwanghwamun Gukbap,4.2,1751,[korean_restaurant],"53 Sejong-daero 21-gil, Sogong-dong, Jung District, Seoul, South Korea",Seoul,+82 2-738-5688,https://guide.michelin.com/kr/ko/seoul-capital-area/kr-seoul/restaurant/gwanghwamun-gukbap,7354.2
Dongdaemun Special Duck,4.9,1499,[korean_restaurant],"12 Jong-ro 46-gil, Jongno District, Seoul, South Korea",Seoul,+82 2-765-5292,https://youtu.be/imH_HbnQKCA%3Fsi%3D4fIEbKDfv3zdTSae,7345.1
Seogwan Myeonok,4.3,1697,[cold_noodle_restaurant],"11 Seocho-daero 56-gil, Seocho District, Seoul, South Korea",Seoul,+82 2-521-9945,http://seogwanmyeonog.kr/kr/,7297.1
Seongbuk-dong Nurungji Baeksuk,4.2,1731,[korean_restaurant],"9 Seongbuk-ro 31-gil, Seongbuk District, Seoul, South Korea",Seoul,+82 2-764-0707,https://sbdnrgbs.modoo.at/,7270.2
Batgodong,4.2,1730,[long_legged_octopus_restaurant],"54 Eonju-ro 172-gil, Gangnam District, Seoul, South Korea",Seoul,+82 2-514-8008,http://www.batgodong.co.kr/,7266
Dwaeji Sanghoe All You Can Eat Pork BBQ,4.3,1680,"[korean_barbecue_restaurant, barbecue_restaurant, meat_buffet_restaurant, meat_restaurant, pork_belly_barbeque_restaurant]","South Korea, Seoul, Gangnam District, Gangnam-daero 98-gil, 11 2층",Seoul,+82 2-561-8891,https://naver.me/5cAXSnSl,7224
Gongneung Dakhanmari (Chicken Stew),4.2,1717,"[chicken_restaurant, restaurant]","54 Yonsei-ro 2da-gil, Seodaemun-gu, Seoul, South Korea",Seoul,+82 2-393-9599,https://www.instagram.com/gongneungdak_sinchon/,7211.4
외식일번가 연제점,4.1,1756,[korean_restaurant],"201 World cup-daero, Yeonje-gu, Busan, South Korea",Busan,+82 51-866-0866,http://www.first1st.com/,7199.6
BBQ Chicken & Beer Hongdae,4.8,1499,"[korean_restaurant, fried_chicken_takeaway, oven_baked_chicken_delivery]","131-1 Eoulmadang-ro, Mapo-gu, Seoul, South Korea",Seoul,+82 2-336-7676,http://www.bbq.co.kr/,7195.2
SweetSalt Cafe,4.3,1670,"[brunch_restaurant, bakery, coffee_store, dessert_shop]","286 Sangam-ro, Gangdong-gu, Seoul, South Korea",Seoul,+82 2-3427-0999,http://www.instagram.com/sweetsaltcafe,7181
Viking's Wharf,4.2,1707,[buffet_restaurant],"South Korea, Seoul, Songpa District, Olympic-ro, 300, LOTTE WORLD MALL, 4층",Seoul,+82 1644-3210,http://www.ivikings.co.kr/,7169.4
Baek nyeon Baekse Ginseng Chicken Soup,4.2,1706,[chicken_restaurant],"118 Yanghwa-ro, Mapo-gu, Seoul, South Korea",Seoul,+82 2-325-3399,http://www.100tojong.com/,7165.2
Airport Noodle,4.1,1747,[noodle_shop],"18-1 Gonghang-daero, Gangseo-gu, Seoul, South Korea",Seoul,+82 2-2664-9748,,7162.7
소문난멸치국수,4.1,1747,[noodle_shop],"571-16 Gongneung-dong, Nowon-gu, Seoul, South Korea",Seoul,+82 2-973-4337,,7162.7
The Buffet,4.4,1611,[buffet_restaurant],"South Korea, Seoul, Gwangjin District, Walkerhill-ro, 177, Vista Walkerhill Seoul, 1층",Seoul,+82 1670-0006,https://www.walkerhill.com/vistawalkerhillseoul/dining/TheBuffet,7088.4
Gangnam Gop,4.6,1538,"[gopchang_restaurant, restaurant]","12 Yeoksam-ro 3-gil, Gangnam District, Seoul, South Korea",Seoul,+82 2-538-7592,,7074.8
Ganggangsullae Yeoksam,4.1,1724,"[korean_barbecue_restaurant, korean_restaurant]","325 Nonhyeon-ro, Gangnam District, Seoul, South Korea",Seoul,+82 2-567-9233,http://www.sullai.com/,7068.4
김희선 제주두루치기,4.3,1641,[restaurant],"19 Eoyeong-gil, Yongdam 3(sam)-dong, Jeju-si, Jeju-do, South Korea",Jeju-do,+82 64-747-1147,,7056.3
Bada Punggyeong,4.4,1602,"[meat_restaurant, black_pork, butcher_shop_restaurant, korean_beef_restaurant, restaurant]","South Korea, Jeju-do, Jeju-si, 특별자치도, Seohaean-ro, 654 바다풍경 정육식당",Jeju-do,+82 50-71476-7856,https://m.place.naver.com/restaurant/1540343682/home%3Fentry%3Dplt,7048.8
Ribukjip,4.1,1719,"[korean_restaurant, meat_restaurant]","45 Hakdong-ro 2-gil, Gangnam District, Seoul, South Korea",Seoul,+82 2-540-8589,http://reebuk.co.kr/page/main.php,7047.9
Mipo-jib Haeundae head store,4.5,1566,[seafood_restaurant],"3 Dalmaji-gil 62beon-gil, Haeundae-gu, Busan, South Korea",Busan,+82 51-747-2203,,7047
Downtowner Cheongdam,4.4,1598,[hamburger_restaurant],"South Korea, Seoul, Gangnam District, Sinsa-dong, Dosan-daero 53-gil, 14 1층",Seoul,+82 70-8833-3696,https://instagram.com/downtowner.official,7031.2
송도갈매기 본점,4.3,1625,[korean_barbecue_restaurant],"25 Neungheodae-ro 151beon-gil, Yeonsu-gu, Incheon, South Korea",Incheon,+82 32-831-0010,https://sdpood.modoo.at/,6987.5
Jeju Osung Traditional Restaurant,4.1,1704,[korean_restaurant],"27 Jungmungwangwang-ro, Saekdal-dong, 특별자치도, Seogwipo-si, Jeju-do, South Korea",Jeju-do,+82 64-739-3120,https://m.blog.naver.com/learning2021,6986.4
Haeundae Obok Dwaeji-gukbap Restaurant,4.4,1586,"[korean_restaurant, pork_rice_soup_restaurant, soondae_restaurant]","15 Gunam-ro, Haeundae-gu, Busan, South Korea",Busan,+82 51-731-1488,http://fiveblessing.willstay.co.kr/,6978.4
Hongojib,4.9,1421,[korean_barbecue_restaurant],"40 Myeongdong 3-gil, Jung District, Seoul, South Korea",Seoul,+82 2-318-3892,https://hongojib.com/,6962.9
Matna Sikdang,4.3,1618,[restaurant],"41 Dongnyuam-ro, Seongsan-eup, Seogwipo-si, Jeju-do, South Korea",Jeju-do,+82 64-782-4771,,6957.4
더도이종가집돼지국밥 본점,4.1,1688,[restaurant],"91 Uiseong-ro, Buk-gu, Busan, South Korea",Busan,+82 51-332-7877,https://redtable.global/ko/food/211012,6920.8
Bonga Seolleongtang,4.1,1687,[restaurant],"204 Seokchonhosu-ro, Songpa District, Seoul, South Korea",Seoul,+82 2-414-5945,,6916.7
Poong Won Jang Cockle Restaurant,4.2,1644,[korean_restaurant],"38 Marine city 2-ro, Haeundae-gu, Busan, South Korea",Busan,+82 51-742-0037,,6904.8
QooQoo Yeonsinnae,4.1,1684,[sushi_restaurant],"South Korea, Seoul, Eunpyeong District, Tongil-ro, 856 6층",Seoul,+82 2-388-3690,https://www.facebook.com/qooqooyunsin,6904.4
Hongik Gejang,4.3,1604,[crab_dish_restaurant],"59 World Cup buk-ro, Mapo-gu, Seoul, South Korea",Seoul,+82 2-323-1112,https://naver.me/xjJQhErK,6897.2
비비빔 BIBIBIM,4.9,1407,"[korean_restaurant, cafe, dessert_shop]","10-3 1F 감천제2동 Saha-gu, Busan, South Korea",Busan,+82 70-4354-0054,https://www.instagram.com/busan.bibibim/,6894.3
Grand Apple,4.2,1639,[buffet_restaurant],"25 Centum 1-ro, Haeundae-gu, Busan, South Korea",Busan,+82 51-743-3331,,6883.8
Gunjadaehan Gopchang(Myeongdong Branch),4.8,1431,"[meat_restaurant, guts_barbecue_restaurant, korean_beef_restaurant]","18-1 Myeongdong 7-gil, Jung District, Seoul, South Korea",Seoul,+82 2-776-5697,,6868.8
양산왕돼지국밥,4.2,1634,[korean_restaurant],"70 Jaeban-ro, Haeundae-gu, Busan, South Korea",Busan,+82 51-781-2722,,6862.8
우판등심 인천점,4.3,1588,[korean_beef_restaurant],"803-5 Dongchun-dong, Yeonsu-gu, Incheon, South Korea",Incheon,+82 32-816-7788,,6828.4
Rosso1924,4.7,1450,[pizza_restaurant],"29 Hongik-ro, Mapo-gu, Seoul, South Korea",Seoul,+82 2-336-1924,https://instagram.com/rosso1924,6815
Samwon Garden,4.1,1662,"[korean_barbecue_restaurant, korean_beef_restaurant, korean_restaurant, korean_rib_restaurant, korean_traditional_full_course_meal_restaurant, restaurant]","835 Eonju-ro, Gangnam District, Seoul, South Korea",Seoul,+82 2-548-3030,https://sgdinehill.co.kr/samwon-garden/,6814.2
프레퍼스 다이어트 푸드 홍대직영점(Preppers Diet Food Hongdae),4.9,1390,"[salad_shop, fast_food_restaurant, health_food_restaurant, restaurant]","South Korea, Seoul, Mapo-gu, Hongik-ro, 25 1층",Seoul,+82 2-3144-0992,https://prepperskorea.com/,6811
Jungsik Seoul,4.4,1546,"[korean_restaurant, restaurant]","11 Seolleung-ro 158-gil, Gangnam District, Seoul, South Korea",Seoul,+82 2-517-4654,http://www.jungsik.kr/,6802.4
Gyerim Sikdang,4.1,1657,[chicken_restaurant],"39 Donhwamun-ro 4-gil, Jongno District, Seoul, South Korea",Seoul,+82 2-2263-6658,,6793.7
Bisabeol Jeonju bean sprout soup,4.4,1541,[korean_restaurant],"1-2 Wangsimni-ro 6-gil, Seongdong-gu, Seoul, South Korea",Seoul,+82 2-464-8704,,6780.4
원조할매낙지,4.1,1653,[long_legged_octopus_restaurant],"10 Gold thema-gil, Busanjin District, Busan, South Korea",Busan,+82 51-634-9618,,6777.3
Neung Ra Do Gangnam,4.1,1650,[cold_noodle_restaurant],"534 Samseong-ro, Gangnam District, Seoul, South Korea",Seoul,+82 2-569-8939,https://neungrado.modoo.at/,6765
목포신안18호횟집,4.3,1568,[seafood_restaurant],"119 Yeonanbudu-ro, Jung-gu, Incheon, South Korea",Incheon,+82 32-882-0137,http://blog.naver.com/kojinwoo00,6742.4
일등가 한우만찬,4.1,1644,[barbecue_restaurant],"South Korea, Busan, Gijang-gun, Gijang-eup, Gijanghaean-ro, 266 일등가 한우만찬 4층 더이스트인",Busan,+82 51-722-2000,,6740.4
이학갈비 연수점,4.1,1642,[korean_rib_restaurant],"208 Meonugeum-ro, Yeonsu-gu, Incheon, South Korea",Incheon,+82 32-815-4664,http://www.ehak.co.kr/,6732.2
Haidilao Hotpot Seocho,4.2,1598,[hot_pot_restaurant],"South Korea, Seoul, Seocho District, Seocho-daero 77-gil, 54 2 층",Seoul,+82 2-533-8260,http://facebook.com/haidilaokorea,6711.6
Myeongdong Kyoja Itaewon,4.3,1560,"[kalguksu_restaurant, korean_restaurant, noodle_shop, steamed_bun_shop]","136 Noksapyeong-daero, Yongsan District, Seoul, South Korea",Seoul,+82 2-790-7300,http://www.mdkj.co.kr/,6708
오향가,4.4,1521,[chinese_restaurant],"73-2 Garak-dong, Songpa District, Seoul, South Korea",Seoul,+82 2-401-6999,,6692.4
Daewoo Budaejjigae (Army Stew),4.2,1587,[korean_restaurant],"34 Teheran-ro 25-gil, Gangnam District, Seoul, South Korea",Seoul,+82 2-552-1663,,6665.4
Sangchunjae,4.4,1514,[korean_restaurant],"598 중앙로 특별자치도 Jeju-si, Jeju-do, South Korea",Jeju-do,+82 64-725-1557,https://www.instagram.com/2010_sangchunjae%3Figsh%3DMWw1djE3aDd4and2aA%3D%3D,6661.6
Halmae Jaecheopguk | 할매재첩국,4.2,1586,[korean_restaurant],"8 Gwangnam-ro 120beon-gil, Suyeong-gu, Busan, South Korea",Busan,+82 51-751-7658,http://jaecheobga.fordining.kr/,6661.2
Black Ranch,4.7,1416,[restaurant],"South Korea, Jeju-do, Seogwipo-si, 특별자치도, Ieodo-ro, 338 KR",Jeju-do,+82 64-739-9289,https://www.instagram.com/black_ranch9289/,6655.2
McDonald's,4.2,1576,[fast_food_restaurant],"265 Seogot-ro, Seo-gu, Incheon, South Korea",Incheon,+82 32-262-5100,,6619.2
Yukjeon Sikdang,4.4,1499,"[korean_restaurant, cold_noodle_restaurant, korean_barbecue_restaurant, restaurant, steamed_bun_shop]","16 Nangye-ro 30-gil, Dongdaemun District, Seoul, South Korea",Seoul,+82 2-2253-6373,,6595.6
이태리국시(ITALYGUK SI) 성수동서울숲뚝섬역,4.9,1337,[restaurant],"South Korea, Seoul, Seongdong-gu, Wangsimni-ro 8-gil, 18-1 3 층",Seoul,+82 2-464-0950,,6551.3
Yeongcheon Yeonghwa,4.2,1559,[restaurant],"3 Dosan-daero 90-gil, Gangnam District, Seoul, South Korea",Seoul,+82 2-3442-0381,http://www.ycyh.co.kr/,6547.8
The Star Busan,4.1,1596,[buffet_restaurant],"50 B2F Jungang-daero 666beon-gil, Busanjin District, Busan, South Korea",Busan,+82 51-918-8000,http://thestarbusan.alltheway.kr/,6543.6
Nongmin Baekam Sundae,4.6,1420,[soondae_restaurant],"20-4 Yeoksam-ro 3-gil, Gangnam District, Seoul, South Korea",Seoul,+82 2-501-2772,,6532
Myeongdong Restaurant The Sic-ddang,4.6,1419,"[korean_restaurant, bulgogi_restaurant, country_food_restaurant, korean_barbecue_restaurant, pan_asian_restaurant, pizza_restaurant, restaurant, seafood_restaurant]","South Korea, Seoul, Jung District, 10길 36 2층",Seoul,+82 2-318-2234,https://thesicddang1.modoo.at/,6527.4
Ikseon-dong Restaurant Maison de Paris,4.5,1447,"[french_restaurant, bistro, brunch_restaurant, french_steakhouse_restaurant]","33-4 Supyo-ro 28-gil, Jongno District, Seoul, South Korea",Seoul,+82 2-6083-1626,http://www.instagram.com/maison.de.paris,6511.5
Baekje Jeongyukjeom,4.1,1586,[korean_restaurant],"34 Jong-ro 35-gil, Jongno District, Seoul, South Korea",Seoul,+82 2-762-7491,,6502.6
THE PARTY Haeundae,4.1,1580,[buffet_restaurant],"South Korea, Busan, Haeundae-gu, Haeundaehaebyeon-ro 298beon-gil, 24 팔레드시즈 B1F",Busan,+82 51-744-7711,https://gotheparty.com/bbs/content.php%3Fco_id%3Dgoparty4_1,6478
Hi asia Pakistani & Indian halal restaurant 펀자브,4.7,1378,"[indian_restaurant, indonesian_restaurant, middle_eastern_restaurant, pakistani_restaurant]","31 Gunam-ro, Haeundae-gu, Busan, South Korea",Busan,+82 51-731-1947,,6476.6
Tong Tong Korean BBQ (통통돼지뽈살),4.6,1402,"[korean_barbecue_restaurant, korean_beef_restaurant, pork_belly_barbeque_restaurant]","126-1 Eoulmadang-ro, Mapo-gu, Seoul, South Korea",Seoul,+82 2-3142-0570,,6449.2
Isaac Toast & Coffee Myeongdong Cathedral,4.5,1430,"[toast_restaurant, fast_food_restaurant, restaurant]","17-1 Myeongdong 10-gil, Jung District, Seoul, South Korea",Seoul,+82 2-3789-2043,https://www.instagram.com/isaac.toast.mdong.cathedral,6435
감동식당,4.9,1313,[restaurant],"South Korea, Seoul, Nowon-gu, Hangeulbiseok-ro 47-gil, 58 1층",Seoul,+82 70-7543-4481,https://www.instagram.com/gamdong_sikdang%3Figsh%3DMWhocnN1dzJ2aXV0eg%3D%3D,6433.7
Warehouse 43 Gangnam Branch,4.2,1531,[korean_beef_restaurant],"362 Gangnam-daero, Gangnam District, Seoul, South Korea",Seoul,+82 2-508-0043,,6430.2
백령면옥,4.1,1566,[cold_noodle_restaurant],"226 Seokjeong-ro, Michuhol-gu, Incheon, South Korea",Incheon,+82 32-881-8489,,6420.6
Hansoban - Cheonggyesan,4.2,1528,[korean_restaurant],"249 Cheonggyesan-ro, Seocho District, Seoul, South Korea",Seoul,+82 2-3453-1500,http://hansoban.co.kr/,6417.6
Nangtteule Shimpang,4.2,1525,[korean_restaurant],"South Korea, Jeju-do, Jeju-si, Jocheon-eup, 와흘리 125",Jeju-do,+82 64-784-9292,,6405
Grandma Na Jeong Sun's Jjukkumi,4.2,1519,[korean_restaurant],"144 Muhak-ro, Yongdu-dong, Dongdaemun District, Seoul, South Korea",Seoul,+82 2-928-0231,,6379.8
공원칼국수,4.2,1518,[kalguksu_restaurant],"110 UN pyeonghwa-ro, Nam-gu, Busan, South Korea",Busan,+82 51-611-3913,,6375.6
Ehwa Korean Sausage with Sweet Rice,4.3,1479,[korean_restaurant],"25 Injung-ro 26beon-gil, Jung-gu, Incheon, South Korea",Incheon,+82 32-882-3039,,6359.7
Wonjo Jobang Nakji,4.2,1511,"[long_legged_octopus_restaurant, korean_restaurant]","399-5 Myeongnyun-dong, Dongnae-gu, Busan, South Korea",Busan,+82 51-558-0295,http://m.smartstore.naver.com/jobng,6346.2
Yuzu Fine Ramen,4.5,1407,[ramen_restaurant],"217 Mallijae-ro, Jung District, Seoul, South Korea",Seoul,+82 70-4177-0365,https://www.instagram.com/yuzu_ramen/,6331.5
Ranju Kalmyeon,4.2,1505,[chinese_noodle_restaurant],"64 Sogong-ro, Jung District, Seoul, South Korea",Seoul,+82 2-779-4800,https://thecoronet.pixnet.net/blog/post/345017960-%25E9%259F%2593%25E5%259C%258B%25EF%25BD%259C%25E9%25A6%2596%25E7%2588%25BE%25EF%25BD%259C%25E6%2598%258E%25E6%25B4%259E%25E7%25AB%2599%25EF%25BD%259C%25E8%2598%25AD%25E5%25B7%259E%25E5%2588%2580%25E5%2589%258A%25E9%25BA%25B5%25EB%259E%2580%25EC%25A3%25BC%25EB%259D%25BC%25EB%25AF%25B8%25EC%2597%2594,6321
Donsubaek,4.2,1496,"[pork_rice_soup_restaurant, korean_restaurant]","74 Hongik-ro 6-gil, Mapo-gu, Seoul, South Korea",Seoul,+82 2-324-3131,http://www.donsoobaek.com/,6283.2
Outback Steakhouse,4.2,1495,"[steak_house, family_restaurant]","South Korea, Seoul, Gangdong-gu, Cheonho-daero, 1005 현대백화점 11층",Seoul,+82 2-2225-8965,https://www.outback.co.kr/,6279
Gatten Sushi Jongno,4.2,1492,[casual_sushi_restaurant],"14 Jong-ro 12-gil, Jongno District, Seoul, South Korea",Seoul,+82 2-730-1477,https://www.instagram.com/gattensushi_kr,6266.4
Outback Steakhouse,4.2,1491,"[steak_house, family_restaurant]","주)빌딩, 서울 노원구 동일로 1419 (상계동, 디와이홀딩스, Nowon-gu, Seoul, South Korea",Seoul,+82 2-938-5471,https://www.outback.co.kr/,6262.2
Sulyamyeok Seomyeon,5,1250,"[korean_barbecue_restaurant, pork_belly_barbeque_restaurant]","South Korea, Busan, Busanjin District, Seojeon-ro, 27 2층",Busan,+82 10-2989-7955,https://www.instagram.com/sul_ya_muk,6250
Original Pancake House (Itaewon),4.2,1488,[pancake_house],"179 Itaewon-ro, Yongsan District, Seoul, South Korea",Seoul,+82 2-795-7481,http://www.originalpancakehouse.co.kr/,6249.6
On The Border Gwanghwamun D Tower,4.1,1524,"[tex_mex_restaurant, mexican_restaurant]","South Korea, Seoul, Jongno District, Jong-ro 3-gil, 17 D타워 2층 4호",Seoul,+82 2-2251-8282,https://ontheborder.co.kr/,6248.4
Everest Restaurant,4.3,1452,"[nepalese_restaurant, indian_restaurant]","2-1 Jong-ro 51ga-gil, Jongno District, Seoul, South Korea",Seoul,+82 2-766-8850,http://www.everestfood.com/,6243.6
Mapo-ok Beef Soup,4.2,1485,[korean_beef_restaurant],"312 Tojeong-ro, Mapo-gu, Seoul, South Korea",Seoul,+82 2-716-6661,,6237
박옥희 할매집원조복국,4.2,1485,[fugu_restaurant],"28 Dalmaji-gil 62beon-gil, Haeundae-gu, Busan, South Korea",Busan,+82 51-747-7625,,6237
Moon Bae-dong Yook-kal,4.1,1512,[noodle_shop],"50 Baekbeom-ro 90-gil, Yongsan District, Seoul, South Korea",Seoul,+82 2-713-6204,,6199.2
Sulgodang,4.8,1290,"[korean_restaurant, restaurant]","South Korea, Busan, Jung-gu, Junggu-ro 24beon-gil, 11-1 2층",Busan,+82 51-244-2607,"https://map.naver.com/p/entry/place/36317009%3Fc%3D15.00,0,0,0,dh",6192
발산삼계탕,4.2,1474,[restaurant],"657-1 Naebalsan-dong, Gangseo-gu, Seoul, South Korea",Seoul,+82 2-3662-3930,,6190.8
Aeseong Hoegwan Korean Beef Bone Soup,4.4,1407,[korean_restaurant],"23 Namdaemun-ro 5-gil, Sogong-dong, Jung District, Seoul, South Korea",Seoul,+82 2-352-0303,,6190.8
Soi Yeonnam,4.1,1509,"[thai_restaurant, pho_restaurant]","267 Donggyo-ro, Mapo-gu, Seoul, South Korea",Seoul,+82 2-323-5130,https://www.instagram.com/soi_yeonnam/,6186.9
Tendong Yotsuya,4.3,1437,[tempura_bowl_restaurants],"71 Gwanak-ro 14-gil, Gwanak-gu, Seoul, South Korea",Seoul,+82 2-883-7974,https://www.instagram.com/ddhleejh/,6179.1
Ppongnamujaengi Main,4.2,1468,[pigs_totters_restaurant],"31 Yeoksam-ro 65-gil, Gangnam District, Seoul, South Korea",Seoul,+82 2-558-9279,,6165.6
Miseong-og,4.4,1397,[seolleongtang_restaurant],"25-11 Myeongdong-gil, Jung District, Seoul, South Korea",Seoul,+82 2-776-8929,https://commerce.redtable.global/ko/store/14408,6146.8
BBQ Chicken & Beer Hongdae Rodeo (BBQ 치킨 홍대로데오점),4.8,1280,"[korean_restaurant, fried_chicken_takeaway, oven_baked_chicken_delivery]","2nd Floor, 39 Jandari-ro 6-gil, Mapo-gu, Seoul, South Korea",Seoul,+82 2-337-8989,https://www.bbq.co.kr/,6144
Buminok,4.1,1495,[korean_restaurant],"24-12 Dadong-gil, Jung District, Seoul, South Korea",Seoul,+82 2-777-2345,,6129.5
해운대 밀면,4.1,1494,[cold_noodle_restaurant],"21 Jungdong 2-ro 10beon-gil, Haeundae-gu, Busan, South Korea",Busan,+82 51-743-0392,https://www.konest.com/contents/gourmet_mise_detail.html%3Fid%3D5113,6125.4
Outback Steakhouse Airport Branch,4.1,1492,"[steak_house, family_restaurant]","3층, 마곡지엠지타워, 16 Magokjungang 6-ro, Magok-dong, Gangseo-gu, Seoul, South Korea",Seoul,+82 2-3661-1101,https://www.outback.co.kr/,6117.2
Four Brothers Dogok,4.2,1456,[south_east_asian_restaurant],"South Korea, Seoul, Gangnam District, Nonhyeon-ro 28-gil, 40 덕영빌딩 1층",Seoul,+82 2-574-4147,http://4brothers.kr/,6115.2
오레타치 카레,4.9,1247,[japanese_restaurant],"South Korea, Seoul, Mapo-gu, Hongik-ro 6-gil, 83 1층",Seoul,+82 10-9009-0742,https://www.instagram.com/oretachicurry.korea/,6110.3
Gayang Kalguksu Beoseot Maeuntang,4.3,1419,[restaurant],"78 Gukjegeumyung-ro, Yeongdeungpo District, Seoul, South Korea",Seoul,+82 50-71399-0438,,6101.7
Yang Good,4.6,1313,"[korean_restaurant, bar, restaurant]","South Korea, Seoul, Nonhyeon-ro 95-gil, 15 평화빌딩 1층 양국",Seoul,+82 2-567-7060,https://www.instagram.com/yanggood/,6039.8
Achasan Grandpa's Handmade Tofu,4.5,1342,[tofu_restaurant],"324 Jayang-ro, Gwangjin District, Seoul, South Korea",Seoul,+82 2-447-6540,,6039
정희 롯데몰김포공항점,4.9,1232,[korean_restaurant],"38 Haneul-gil, Gangseo-gu, Seoul, South Korea",Seoul,,,6036.8
교대이층집 교대본점,4.1,1467,[pork_belly_barbeque_restaurant],"South Korea, Seoul, Seocho District, Seocho-daero 50-gil, 24 2층",Seoul,+82 2-525-6692,http://www.sgfco.kr/,6014.7
Yeonnam Seo Restaurant,4.2,1432,[korean_rib_restaurant],"189-7 Yeonhui-dong, Seodaemun-gu, Seoul, South Korea",Seoul,+82 2-716-2520,,6014.4
김유순대구뽈찜,4.1,1465,[korean_restaurant],"83-7 Motgol-ro, Nam-gu, Busan, South Korea",Busan,+82 51-627-4319,,6006.5
Baekbujangjip Dakhanmari Annex,4.2,1429,[chicken_restaurant],"41 Jong-ro 7-gil, Jongno District, Seoul, South Korea",Seoul,+82 2-3210-1254,,6001.8
화목순대국 광화문1호점,4.2,1427,"[soondae_restaurant, restaurant]","11 Saemunan-ro 5-gil, Jongno District, Seoul, South Korea",Seoul,+82 2-723-8313,,5993.4
Arichai Sillim Branch,4.2,1426,[chinese_restaurant],"4 Sillimdong-gil, Gwanak-gu, Seoul, South Korea",Seoul,+82 2-877-1272,http://www.arichai.com/,5989.2
Tuk Tuk Noodle Thai,4.1,1456,[thai_restaurant],"161-8 Seongmisan-ro, Mapo-gu, Seoul, South Korea",Seoul,+82 70-4407-5130,https://app.catchtable.co.kr/ct/shop/tuktuknoodle%3Ffrom%3Dshare%26type%3DWAITING,5969.6
Pyeongando Jokbaljip,4.2,1417,"[pigs_totters_restaurant, korean_restaurant]","174-6 Jangchungdan-ro, Jung District, Seoul, South Korea",Seoul,+82 2-2279-9759,,5951.4
Menshoku COEX,4.9,1207,"[casual_japanese_style_restaurant, japanese_authentic_restaurant, ramen_restaurant, restaurant]","South Korea, Seoul, Gangnam District, Teheran-ro 87-gil, 36 도심공항타워 지하 1층",Seoul,+82 10-2267-7226,https://www.instagram.com/men_shoku/profilecard/%3Figsh%3DbGp1ZGJhcDB5Ym9t,5914.3
Jonny Dumpling HD,4.3,1370,[dumpling_restaurant],"33 Bogwang-ro 59-gil, Yongsan District, Seoul, South Korea",Seoul,+82 2-790-8830,/www.google.com/search?q=jonny+dumpling&oq=jo&aqs=chrome.0.69i59j69i60l3j69i57j69i60.2771j0j7&client=ms-android-samsung-ss&sourceid=chrome-mobile&ie=UTF-8,5891
Chowon Bokguk,4.2,1401,[fugu_restaurant],"30 Hwangnyeong-daero 492beon-gil, Nam-gu, Busan, South Korea",Busan,+82 51-628-3935,,5884.2
Jungnimjang Seolleongtang,4.1,1435,"[seolleongtang_restaurant, korean_restaurant]","468 Jungnim-dong, Jung District, Seoul, South Korea",Seoul,+82 2-392-7743,,5883.5
Shin Mi Kyung Hongdae Dakgalbi,4.5,1305,[chicken_rib_restaurant],"31-10 Wausan-ro 21-gil, Mapo-gu, Seoul, South Korea",Seoul,+82 2-2245-5222,https://m.place.naver.com/restaurant/32572240/home%3Fentry%3Dpll,5872.5
강강술래 시흥점,4.1,1425,"[barbecue_restaurant, meat_restaurant]","991 Siheung-dong, Geumcheon District, Seoul, South Korea",Seoul,+82 2-808-1888,https://www.sullai.com/,5842.5
Woolaeoak,4.1,1423,"[cold_noodle_restaurant, bulgogi_restaurant, restaurant]","313 Yeongdong-daero, Daechi-dong, Gangnam District, Seoul, South Korea",Seoul,+82 2-561-6121,,5834.3
ON THE BORDER Lotte World Mall Store,4.1,1421,"[tex_mex_restaurant, family_restaurant, mexican_restaurant]","South Korea, 동 KR 서울특별시 송파구 올림픽로 300 롯데월드몰 캐쥬얼 6층",Seoul,,https://ontheborder.co.kr/,5826.1
Sohojung,4.1,1420,"[noodle_shop, korean_restaurant]","27 Nonhyeon-ro, Gangnam District, Seoul, South Korea",Seoul,+82 2-579-7282,http://www.sohojung.com/,5822
강남진해장,4.2,1385,[korean_restaurant],"11 Teheran-ro 5-gil, Gangnam District, Seoul, South Korea",Seoul,+82 2-557-2662,,5817
Ttukbaegi-jip,4.5,1291,"[korean_restaurant, food]","12 Jong-ro 16-gil, Jongno District, Seoul, South Korea",Seoul,+82 2-2265-5744,,5809.5
"Brera Restaurant, Seoul",4.3,1350,"[italian_restaurant, restaurant]","295 Dongho-ro 17-gil, Jung District, Seoul, South Korea",Seoul,+82 2-2236-0770,http://www.brerarestaurant.com/,5805
일광대복집,4.1,1412,[fugu_restaurant],"3 Ihwa-ro, Gijang-gun, Busan, South Korea",Busan,+82 51-721-1561,,5789.2
Songhua Shanxi Cut Noodles,4.4,1308,"[chinese_noodle_restaurant, chinese_restaurant]","48 Ttukseom-ro 27-gil, Gwangjin District, Seoul, South Korea",Seoul,+82 2-6052-7826,,5755.2
Indian Kitchen,4.6,1249,[indian_restaurant],"South Korea, Jeju-do, Jeju-si, 특별자치도, Aewol-eup, Aewon-ro, 191 KR",Jeju-do,+82 64-799-5859,,5745.4
Dosan Butcher,4.9,1172,[restaurant],"South Korea, Seoul, Gangnam District, Seolleung-ro 155-gil, 12 1층",Seoul,+82 2-546-9206,,5742.8
Daerae Hamburger Steak,4.4,1305,[restaurant],"56-45 수유1동 Gangbuk-gu, Seoul, South Korea",Seoul,+82 2-2241-7558,https://redtable.global/ko/food/56047,5742
Gangnam Myeonok,4.2,1365,[korean_restaurant],"34 Nonhyeon-ro 152-gil, Gangnam District, Seoul, South Korea",Seoul,+82 2-3446-5539,,5733
엘림들깨칼국수 본점,4.4,1301,[noodle_shop],"521-20 Suyu-dong, Gangbuk-gu, Seoul, South Korea",Seoul,+82 2-996-2583,,5724.4
남동공단떡볶이,4.1,1396,[restaurant],"226 Namdongseo-ro, Namdong-gu, Incheon, South Korea",Incheon,+82 32-821-5566,,5723.6
Tamtam,4.1,1394,"[vietnamese_restaurant, pho_restaurant]","12-5 Gangnam-daero 98-gil, Gangnam District, Seoul, South Korea",Seoul,+82 2-554-8892,,5715.4
동춘사골순대국 동춘점,4.3,1323,[korean_restaurant],"South Korea, Incheon, Yeonsu-gu, Donggokjae-ro 49beon-gil, 8 2층",Incheon,+82 32-815-0141,,5688.9
당케올레국수,4.3,1322,[noodle_shop],"South Korea, Jeju-do, Seogwipo-si, 특별자치도, Pyoseon-myeon, Pyoseondangpo-ro, 4 KR",Jeju-do,+82 64-787-4551,,5684.6
Chebudong Janchijip,4.2,1353,[noodle_shop],"16 Jahamun-ro 1-gil, Jongno District, Seoul, South Korea",Seoul,+82 2-730-5420,,5682.6
Grand Kitchen,4.5,1261,[buffet_restaurant],"Seoul, South Korea",Seoul,+82 2-559-7575,https://seoul.intercontinental.com/grandicparnas/restaurant/GrandKitchen,5674.5
아웃백 스테이크하우스 남천점,4.2,1350,"[steak_house, family_restaurant]","9 Gwanganhaebyeon-ro, Suyeong-gu, Busan, South Korea",Busan,,https://www.outback.co.kr/,5670
Outback Steakhouse,4.2,1347,"[steak_house, family_restaurant]","2층, 인천 계양구 계양대로 56 (작전동, 다동, Gyeyang-gu, Incheon, South Korea",Incheon,+82 32-549-2681,https://www.outback.co.kr/,5657.4
Jungdamun Bossam,4.3,1314,"[bossam_restaurant, korean_restaurant]","1661 Nambusunhwan-ro, Gwanak-gu, Seoul, South Korea",Seoul,+82 2-888-8401,,5650.2
Downtowner Jamsil,4.3,1313,[hamburger_restaurant],"South Korea, Seoul, Songpa District, Baekjegobun-ro 45-gil, 3 1층",Seoul,+82 70-8868-3696,,5645.9
원조 18번 완당,4.2,1344,[restaurant],"6 Gudeok-ro 238beon-gil, Seo-gu, Busan, South Korea",Busan,+82 51-256-3391,,5644.8
Mapo Gopchang Town,4.6,1227,"[guts_barbecue_restaurant, korean_restaurant]","20 Donggyo-ro 27-gil, Mapo-gu, Seoul, South Korea",Seoul,+82 2-336-4496,,5644.2
Childonga Jungmun,4.2,1342,[korean_barbecue_restaurant],"8 Jungmungwangwang-ro, Saekdal-dong, Seogwipo-si, Jeju-do, South Korea",Jeju-do,+82 64-738-1195,,5636.4
Ppolsaljib,4.6,1224,"[korean_barbecue_restaurant, korean_restaurant]","41 Jungjeong-ro 91beon-gil, 중앙동 특별자치도 Seogwipo-si, Jeju-do, South Korea",Jeju-do,+82 64-763-6860,,5630.4
양평신내서울해장국,4.2,1335,[restaurant],"362-23 Sangok-dong, Bupyeong District, Incheon, South Korea",Incheon,+82 32-504-4342,,5607
신풍낙지,4.1,1367,"[long_legged_octopus_restaurant, restaurant]","220 Daerim-ro, Yeongdeungpo District, Seoul, South Korea",Seoul,+82 2-841-3335,,5604.7
Gwanghwamun Ttukgam,4.3,1303,[korean_restaurant],"21 Saemunan-ro 3-gil, Jongno District, Seoul, South Korea",Seoul,+82 2-722-5894,,5602.9
Cheongwaok,4.3,1301,"[soondae_restaurant, korean_restaurant, restaurant]","South Korea, Seoul, Jung District, Eulji-ro, 110 1층",Seoul,+82 2-2266-1300,,5594.3
풍원장미역국정찬 부산마린시티점,4.1,1364,[korean_restaurant],"51 Marine city 3-ro, Haeundae-gu, Busan, South Korea",Busan,+82 51-747-5115,,5592.4
Okdom Sikdang,4.1,1363,[noodle_shop],"1067-23 Hamo-ri, Daejeong-eup, Seogwipo-si, Jeju-do, South Korea",Jeju-do,+82 64-794-8833,,5588.3
Hakatabunko,4.1,1362,"[ramen_restaurant, asian_restaurant, japanese_restaurant]","43 Dongmak-ro 19-gil, Mapo-gu, Seoul, South Korea",Seoul,+82 2-338-5536,http://www.instagram.com/hakatabunko_official,5584.2
Galchiwang,4.6,1212,[seafood_restaurant],"1719-1 Sangye-dong, 특별자치도, Seogwipo-si, Jeju-do, South Korea",Jeju-do,+82 64-739-9333,https://m.place.naver.com/place/1110806547,5575.2
La Seine,4.5,1236,[buffet_restaurant],"South Korea, Seoul, Jung District, Eulji-ro, 30 롯데호텔서울 Main Tower 1층",Seoul,+82 2-317-7171,https://www.lottehotel.com/seoul-hotel/ko/dining/restaurant-la-seine,5562
Saeng Macha,4.9,1134,"[japanese_izakaya_restaurant, restaurant]","145-1 Eoulmadang-ro, Mapo-gu, Seoul, South Korea",Seoul,+82 2-3144-2544,https://www.beer1900.com/,5556.6
Maga Mandu,4.1,1353,[dumpling_restaurant],"56 Daeyeong-ro 243beon-gil, Dong-gu, Busan, South Korea",Busan,+82 51-468-4059,,5547.3
Jeju Bokguk,4.1,1351,[restaurant],"481 Jeoryeong-ro, Yeongdo-gu, Busan, South Korea",Busan,+82 51-405-5050,,5539.1
MapleTree House,4.3,1285,"[korean_barbecue_restaurant, restaurant]","26 Itaewon-ro 27ga-gil, 이태원1동 Yongsan District, Seoul, South Korea",Seoul,+82 2-790-7977,http://www.mapletreehouse.co.kr/,5525.5
McDonald's,4.1,1344,[fast_food_restaurant],"1382 Yangjae-daero, Gangdong-gu, Seoul, South Korea",Seoul,+82 2-6140-5000,,5510.4
쿠우쿠우 부평점,4.1,1344,[restaurant],"South Korea, Incheon, Bupyeong District, 부평1동 Buheung-ro, 264 동아웰빙타운 9층",Incheon,+82 32-361-4057,http://www.qooqoo.co.kr/,5510.4
자갈치 횟집,4.3,1278,[seafood_restaurant],"28 Suyeong-ro 702beon-gil, Suyeong-gu, Busan, South Korea",Busan,+82 51-757-5600,,5495.4
WON-GRANDMA BOSSAM MAIN store,4.2,1300,"[bossam_restaurant, korean_restaurant]","1685 Hwanghak-dong, Jung District, Seoul, South Korea",Seoul,+82 2-2232-3232,http://www.bossam.co.kr/,5460
외식1번가 서부산점,4.1,1326,[korean_barbecue_restaurant],"36 Nongsanmulsijang-ro, Sasang-gu, Busan, South Korea",Busan,+82 51-324-5757,http://www.first1st.com/%3Fp%3D303,5436.6
Go-Ok,4.4,1232,[unagi_restaurant],"6 Gwangnam-ro, Suyeong-gu, Busan, South Korea",Busan,+82 51-622-1638,https://m.place.naver.com/restaurant/20782303/home%3Fentry%3Dpll,5420.8
Braai Republic,4.5,1203,[south_african_restaurant],"19 Itaewon-ro 14-gil, Yongsan District, Seoul, South Korea",Seoul,+82 70-8879-1967,https://www.braairepublic.com/,5413.5
Shake Shack Songdo,4.1,1320,"[hamburger_restaurant, fast_food_restaurant]","South Korea, Incheon, Yeonsu-gu, Songdo-dong, 과학로16번길 33-2 B동 1층 트리플스트리트",Incheon,+82 32-310-9464,http://shakeshack.kr/,5412
Sunmine Haengbok Gejang Marinated Crab (Dongdaemun Branch),4.4,1228,"[restaurant, crab_dish_restaurant, korean_restaurant]","South Korea, Seoul, Jung District, Eulji-ro 43-gil, 38 2층",Seoul,+82 2-2268-2059,https://www.instagram.com/happygejang__official%3Figsh%3DejlzMWlmd21nZ2tk%26utm_source%3Dqr,5403.2
Outback Steakhouse Yeouido,4.1,1317,"[steak_house, family_restaurant]","1층, 신영증권빌딩, 서울 영등포구 국제금융로8길 6, 지하 Yeouido-dong, Yeongdeungpo District, Seoul, South Korea",Seoul,+82 2-761-2961,https://www.outback.co.kr/,5399.7
Flavors,4.5,1199,"[buffet_restaurant, restaurant]","2F, 176 Sinbanpo-ro, Seocho District, Seoul, South Korea",Seoul,+82 2-6282-6730,https://www.marriott.com/en-us/dining/restaurant-bar/seljw-jw-marriott-hotel-seoul/6396017-flavors.mi,5395.5
Budnamujip,4.1,1314,[korean_beef_restaurant],"434 Hyoryeong-ro, Seocho District, Seoul, South Korea",Seoul,+82 2-3473-4167,http://budnamujip.modoo.at/,5387.4
Hansikwangbjib,5,1077,"[korean_barbecue_restaurant, korean_restaurant]","South Korea, 지하1층 B101 KR 서울특별시 중구 명동7길 21",Seoul,+82 2-3789-9991,,5385
Outback Steakhouse Sangbong,4.2,1281,"[steak_house, family_restaurant]","South Korea, Seoul, Jungnang-gu, Mangu-ro, 353 홈플러스상봉점 B1층",Seoul,+82 2-434-8491,https://www.outback.co.kr/,5380.2
Pyeongyang Myeonok,4.1,1310,[restaurant],"6 Nonhyeon-ro 150-gil, Gangnam District, Seoul, South Korea",Seoul,+82 2-549-5378,https://pyungyangmyunok.modoo.at/,5371
헤비스테이크 구로디지털점,4.7,1142,[steak_house],"Digital-ro 26-gil, Guro-dong, Guro District, Seoul, South Korea",Seoul,+82 2-3283-3355,https://instagram.com/heavysteak_official%3Futm_source%3Dig_profile_share%26igshid%3D11m66pbh7ryaa,5367.4
Alpedo,4.7,1140,"[turkish_restaurant, bakery]","174 Itaewon-ro, 이태원제1동 Yongsan District, Seoul, South Korea",Seoul,+82 2-794-1134,,5358
Bae Jong-gwan Dongnae Samgyetang,4.3,1246,[korean_restaurant],"39 Dongnae-ro 116beon-gil, Dongnae-gu, Busan, South Korea",Busan,+82 51-555-2464,,5357.8
Bannyongsan,4.1,1305,[korean_restaurant],"26 Teheran-ro 78-gil, Gangnam District, Seoul, South Korea",Seoul,+82 2-3446-8966,http://www.banryongsan.com/,5350.5
Crazy Katsu,4.4,1214,[tonkatsu_restaurant],"44 Poeun-ro 2na-gil, Mapo-gu, Seoul, South Korea",Seoul,+82 70-8621-7219,https://crazyforkatsu.modoo.at/%3Flink%3D1niooyqk,5341.6
Sarangbang Kalguksu,4.4,1214,[korean_restaurant],"46 Toegye-ro 27-gil, Jung District, Seoul, South Korea",Seoul,+82 2-2272-2020,,5341.6
명품관갈비,4.1,1302,[korean_barbecue_restaurant],"13-5 Sindosinam-ro 141beon-gil, Jung-gu, Incheon, South Korea",Incheon,+82 32-746-9233,http://www.mpkkorea.com/,5338.2
Chavit Cuisine,4.2,1269,[buffet_restaurant],"650 Banpo-dong, Seocho District, Seoul, South Korea",Seoul,+82 2-3477-3100,http://www.somesevit.com/en/index.do,5329.8
Don-Eogil,4.9,1086,"[korean_barbecue_restaurant, black_pork, cold_noodle_restaurant, korean_restaurant, pork_belly_barbeque_restaurant, restaurant]","South Korea, Jeju-do, Seogwipo-si, 특별자치도, Daejeong-eup, Jungsanganseo-ro, 2274 C동 1층",Jeju-do,+82 10-3240-6564,https://m.place.naver.com/restaurant/1109562905,5321.4
Baekje Samgyetang,4.1,1297,"[samgyetang_restaurant, korean_restaurant, restaurant]","8-10 Myeongdong 8-gil, Jung District, Seoul, South Korea",Seoul,+82 2-776-3267,,5317.7
Menya Hanabi Jamsil,4.2,1259,[japanese_regional_restaurant],"38 Baekjegobun-ro 45-gil, Songpa District, Seoul, South Korea",Seoul,+82 70-8959-1108,http://www.menyahanbi.co.kr/,5287.8
Pungmiyeon,4.1,1289,[korean_restaurant],"7 Nohae-ro 85-gil, Nowon-gu, Seoul, South Korea",Seoul,+82 2-936-2315,,5284.9
Hyeseong Kalguksu,4.2,1255,[korean_restaurant],"247-1 Wangsan-ro, Dongdaemun District, Seoul, South Korea",Seoul,+82 2-967-6918,,5271
더기와 합정점ㅣTraditional Korean Pub in Hongdae 'THE GIWA'ㅣ弘大传统韩式酒馆'THE GIWA'ㅣホンデの韓国伝統居酒屋'THE GIWA',4.9,1073,[korean_restaurant],"25 Dongmak-ro 3-gil, Mapo-gu, Seoul, South Korea",Seoul,+82 2-3141-1913,https://litt.ly/thegiwa_hapjeong,5257.7
"Butanchu, Hongdae",4.1,1281,[ramen_restaurant],"75 Wausan-ro 35-gil, Mapo-gu, Seoul, South Korea",Seoul,+82 2-3144-3304,https://www.instagram.com/butanchu_seoul,5252.1
Downtowner Anguk,4.4,1192,[hamburger_restaurant],"6-4 Bukchon-ro, Jongno District, Seoul, South Korea",Seoul,+82 50-71491-3696,https://instagram.com/downtownerburger,5244.8
최우영스시야 여의도점,4.9,1070,[sushi_restaurant],"97 Uisadang-daero, Yeongdeungpo District, Seoul, South Korea",Seoul,+82 2-2644-3430,https://www.instagram.com/cwyseafood,5243
칠프로칠백식당 신논현점,4.9,1069,[restaurant],"747-12 Banpo-dong, Seocho District, Seoul, South Korea",Seoul,+82 2-518-7005,,5238.1
Okdongsik Seogyo,4.3,1218,[korean_restaurant],"44-10 Yanghwa-ro 7-gil, Mapo-gu, Seoul, South Korea",Seoul,+82 2-6012-9915,http://instagram.com/okdongsik,5237.4
신포동진순대국 본점,4.5,1163,[soondae_restaurant],"957-6 Mansu-dong, Namdong-gu, Incheon, South Korea",Incheon,+82 32-466-9320,https://amkorinstory.com/2888,5233.5
오륙도가원,4.2,1246,[korean_beef_restaurant],"14 Baegunpo-ro, Nam-gu, Busan, South Korea",Busan,+82 10-3344-5616,http://oryukdo.fordining.kr/,5233.2
하나돈까스 온천점,4.3,1216,[tonkatsu_restaurant],"67 Geumgang-ro, Dongnae-gu, Busan, South Korea",Busan,+82 51-553-5055,http://hanadon.co.kr/60/idx%3D320479%26page%3D2%26search%3D,5228.8
Grandma Chueotang,4.3,1213,[restaurant],"773-2 간석3동 Namdong-gu, Incheon, South Korea",Incheon,+82 32-527-1023,,5215.9
MYONGWOLGWAN,4.3,1212,"[korean_restaurant, barbecue_restaurant, restaurant]","177 Walkerhill-ro, Gwangjin District, Seoul, South Korea",Seoul,+82 2-450-4595,https://www.walkerhill.com/vistawalkerhillseoul/dining/Myongwolgwan,5211.6
강강술래당산점,4.1,1271,[barbecue_restaurant],"35번지 Yangpyeong-dong 4(sa)-ga, Yeongdeungpo District, Seoul, South Korea",Seoul,+82 2-2677-9233,,5211.1
은행골 본점신관,4.1,1270,[sushi_restaurant],"10-1 Jowon-ro, Gwanak-gu, Seoul, South Korea",Seoul,+82 2-859-4988,,5207
Hwamok Sundaeguk,4.2,1239,[soondae_restaurant],"383 Yeouidaebang-ro, Yeongdeungpo District, Seoul, South Korea",Seoul,+82 2-780-8191,,5203.8
Inamjang Euljiro Main,4.1,1266,"[seolleongtang_restaurant, korean_restaurant]","16 Samil-daero 12-gil, Jung District, Seoul, South Korea",Seoul,+82 2-2267-4081,,5190.6
육대장 본점,4.3,1205,[korean_restaurant],"783 Biryu-daero, Namchon-dong, Namdong-gu, Incheon, South Korea",Incheon,+82 32-435-7959,,5181.5
Made in Chicago Pizza,4.6,1126,"[pizza_restaurant, restaurant]","South Korea, Seoul, Jung District, Deoksugung-gil, 5 2층",Seoul,+82 2-755-6748,,5179.6
Villa Guerrero,4.4,1177,[mexican_restaurant],"South Korea, Seoul, Gangnam District, Bongeunsa-ro 78-gil, 12 101호",Seoul,+82 2-538-8915,https://instagram.com/vgtacos/,5178.8
Okeunnae 2 Dakgalbi,4.1,1263,[chicken_restaurant],"40-9 Hangangno 3(sam)-ga, Yongsan District, Seoul, South Korea",Seoul,+82 2-798-0131,https://xn--6i0bp5cm93a.com/,5178.3
공릉동닭한마리 본점,4.3,1204,"[chicken_restaurant, restaurant]","1020 Dongil-ro, Nowon-gu, Seoul, South Korea",Seoul,+82 2-972-7459,,5177.2
Garden Farm Café,4.9,1054,[western_restaurant],"South Korea, Incheon, Jung-gu, 공항문화로 127 인스파이어 몰 1F 가든팜 카페",Incheon,+82 32-580-9000,https://www.inspireresorts.com/ko/eat-and-drink/casual-dining/garden-farm-cafe,5164.6
McDonald's Seocho Baengbaeng,4.1,1259,[fast_food_restaurant],"305 Gangnam-daero, Seocho District, Seoul, South Korea",Seoul,+82 2-6227-4500,https://www.mcdonalds.co.kr/,5161.9
Myeongdong Pizza,4.3,1200,"[pizza_restaurant, italian_restaurant]","7-1 Chungmuro 2(i)-ga, Jung District, Seoul, South Korea",Seoul,+82 2-777-8979,https://www.instagram.com/myeongdongpizza/,5160
Jeju Korea black pork BBQ Nammaene Seogwipo Maeil Olle Market,4.8,1074,"[barbecue_restaurant, black_pork]","24-1 Jungjeong-ro 61beon-gil, Seogwi-dong, 특별자치도, Seogwipo-si, Jeju-do, South Korea",Jeju-do,+82 64-762-7600,http://app.catchtable.co.kr/ct/shop/nammeanea_seoguipo,5155.2
Outback Steakhouse Dogok Branch,4.1,1254,"[steak_house, family_restaurant]","1층, 서울 강남구 남부순환로, 2909 여천빌딩 지하, Daechi-dong, Gangnam District, Seoul, South Korea",Seoul,,https://www.outback.co.kr/,5141.4
Ilmijip,4.2,1218,"[gamjatang_restaurant, korean_restaurant]","1-1 Huam-ro, Huam-dong, Yongsan District, Seoul, South Korea",Seoul,+82 2-776-0670,,5115.6
OUTBACK STEAKHOUSE Sinchon,4.1,1243,"[steak_house, family_restaurant]","아웃백 스테이크 전문점, 33 Yonsei-ro 12-gil, Changcheon-dong, Seodaemun-gu, Seoul, South Korea",Seoul,+82 2-3147-1871,https://www.outback.co.kr/,5096.3
망향비빔국수 강서점,4.1,1241,[noodle_shop],"263-8 Yeomchang-dong, Gangseo-gu, Seoul, South Korea",Seoul,+82 2-2659-6599,http://www.manghyang.com/main,5088.1
Sogeumbachi Sooninae,4.4,1154,[seafood_restaurant],"42-5 Jongdal-ri, Gujwa-eup, Jeju-si, Jeju-do, South Korea",Jeju-do,+82 64-784-1230,,5077.6
Oreno Ramen Insa,4.7,1080,[ramen_restaurant],"49-4 율곡로 Jongno District, Seoul, South Korea",Seoul,+82 2-722-3539,https://www.instagram.com/orenoramen/,5076
파이프그라운드 한남,4.7,1078,"[pizza_restaurant, italian_restaurant]","66 Hannam-daero 27-gil, Yongsan District, Seoul, South Korea",Seoul,,https://www.instagram.com/pipeground_hannam,5066.6
McDonald's Choryang DT,4.1,1235,[fast_food_restaurant],"228 Jungang-daero, Dong-gu, Busan, South Korea",Busan,+82 51-961-5700,,5063.5
Gusto Taco,4.4,1148,"[mexican_restaurant, western_restaurant]","41 Wausan-ro, Mapo-gu, Seoul, South Korea",Seoul,+82 2-338-8226,http://www.gustotaco.com/,5051.2
"Outback Steakhouse, Central City",4.3,1171,"[steak_house, family_restaurant]","센트럴 호남선 하차장 앞, 서울 서초구 신반포로, 176 센트럴시티빌딩 중2층, Banpo-dong, Seocho District, Seoul, South Korea",Seoul,+82 2-592-2771,https://www.outback.co.kr/,5035.3
설농가 본점,4.1,1226,[restaurant],"1145-9 Guwol-dong, Namdong-gu, Incheon, South Korea",Incheon,+82 32-446-2121,,5026.6
Wolhwa Sikdang,4.8,1046,[korean_barbecue_restaurant],"２９ Dohwa-gil, Mapo-gu, Seoul, South Korea",Seoul,+82 2-701-7592,https://www.xn--ok1b941a82cr7u.com/,5020.8
Jindong Sashimi House,4.2,1195,[japanese_restaurant],"South Korea, Seoul, Seocho District, Gangnam-daero 91-gil, 18 36-32",Seoul,+82 2-544-2179,,5019
Samihun,4.2,1194,[korean_beef_restaurant],"19 Seomyeonmunhwa-ro, Busanjin District, Busan, South Korea",Busan,+82 51-819-6677,http://www.samihun.com/,5014.8
고른햇살,4.5,1114,[restaurant],"27 Gaeunsa-gil, Anam-dong 5(o)-ga, Seongbuk District, Seoul, South Korea",Seoul,+82 2-953-3394,,5013
Hapcheon Gukbap House,4.2,1193,[korean_restaurant],"235 Yongho-ro, Nam-gu, Busan, South Korea",Busan,+82 51-628-4898,,5010.6
OUTBACK STEAKHOUSE Dongnae,4.3,1165,"[steak_house, family_restaurant]","South Korea, Busan, Dongnae-gu, Oncheonjang-ro, 20 신화타워아파트 3층",Busan,+82 51-558-5041,https://www.outback.co.kr/,5009.5
내고향강원도,4.1,1217,[sashimi_restaurant],"South Korea, Incheon, Jung-gu, Yeonanbudu-ro 75beon-gil, 27 2 맞은편 내고향강원도 ""네비게이션에 내고향강원도 검색",Incheon,+82 32-883-4543,,4989.7
Shake Shack Yongsan I'Park Mall,4.2,1186,[hamburger_restaurant],"55 Hangang-daero 23-gil, Yongsan District, Seoul, South Korea",Seoul,+82 2-2012-3802,http://shakeshack.kr/,4981.2
Brooklyn the Burger Joint Samseong,4.3,1158,[hamburger_restaurant],"10 Bongeunsa-ro 84-gil, Gangnam District, Seoul, South Korea",Seoul,+82 2-555-7180,,4979.4
Gom Ba Wie,4.1,1211,"[korean_barbecue_restaurant, gopchang_restaurant]","10 Yeongdong-daero 115-gil, Gangnam District, Seoul, South Korea",Seoul,+82 2-511-0068,http://www.instagram.com/gombawie,4965.1
Changseong-Og,4.1,1211,[hangover_soup_restaurant],"25-16 Yongmun-dong, Yongsan District, Seoul, South Korea",Seoul,+82 2-718-2878,https://news.v.daum.net/v/20201117050746674,4965.1
봉산옥 서초동본점,4.3,1153,[korean_restaurant],"5-6 Banpo-daero 8-gil, Seocho District, Seoul, South Korea",Seoul,+82 2-525-2282,,4957.9
Nanumi Tteokbokki,4.1,1203,"[tteokbokki_restaurant, korean_restaurant]","9-1 Seonggyungwan-ro, Jongno District, Seoul, South Korea",Seoul,+82 2-747-0881,,4932.3
헤비스테이크 여의도점,4.8,1027,[steak_house],"11 Gukhoe-daero 72-gil, Yeouido-dong, Yeongdeungpo District, Seoul, South Korea",Seoul,+82 2-3775-3309,https://instagram.com/heavysteak_official%3Futm_source%3Dig_profile_share%26igshid%3D11m66pbh7ryaa,4929.6
Plant Cafe Seoul (Itaewon),4.6,1071,[vegan_restaurant],"117 Bogwang-ro, Yongsan District, Seoul, South Korea",Seoul,+82 2-749-1981,https://www.plantcafeseoul.com/,4926.6
McDonald's,4.1,1201,[fast_food_restaurant],"546 Yangcheon-ro, Gangseo-gu, Seoul, South Korea",Seoul,+82 2-6091-6800,http://www.mcdonalds.co.kr/,4924.1
LOCOS BBQ,4.4,1119,"[barbecue_restaurant, family_restaurant, restaurant, western_restaurant]","83 Hoenamu-ro, Yongsan District, Seoul, South Korea",Seoul,+82 2-794-3234,https://m.place.naver.com/restaurant/35678401/home,4923.6
신사 모소리,4.8,1025,"[barbecue_restaurant, restaurant]","24 Dosan-daero 1-gil, Gangnam District, Seoul, South Korea",Seoul,+82 2-3447-0542,https://map.naver.com/p/entry/place/1224469606%3Flng%3D127.0201102%26lat%3D37.5181922%26placePath%3D%252Fhome%26entry%3Dplt,4920
EID Halal Korean Food,4.5,1093,[halal_restaurant],"15 Usadan-ro 10-gil, Yongsan District, Seoul, South Korea",Seoul,+82 70-8899-8210,https://m.facebook.com/eid.halal.korean.food/,4918.5
버거킹 부산서부터미널점,4.2,1170,[fast_food_restaurant],"201 Sasang-ro, Sasang-gu, Busan, South Korea",Busan,+82 51-311-9713,http://www.burgerking.co.kr/,4914
Isaac Toast & Coffee Myeongdong,4.1,1198,"[toast_restaurant, breakfast_restaurant, restaurant]","105 Toegye-ro, Jung District, Seoul, South Korea",Seoul,+82 2-752-3002,https://www.isaac-toast.co.kr/,4911.8
Bugakjeong,4.1,1198,[korean_restaurant],"6 Pyeongchang 36-gil, Pyeongchang-dong, Jongno District, Seoul, South Korea",Seoul,+82 2-394-2340,https://esang2340.modoo.at/,4911.8
산지해장국,4.4,1116,[restaurant],"1319-121 Geonip-dong, Jeju-si, Jeju-do, South Korea",Jeju-do,+82 64-723-4978,,4910.4
The Original Pancake House Garosugil,4.2,1161,[pancake_house],"41 Gangnam-daero 162-gil, Gangnam District, Seoul, South Korea",Seoul,+82 2-511-7481,http://www.originalpancakehouse.co.kr/,4876.2
Brooklyn The Burger Joint Seorae Main,4.3,1133,"[hamburger_restaurant, fast_food_restaurant]","South Korea, Seoul, Seocho District, Seorae-ro 2-gil, 27 1층",Seoul,+82 2-533-7180,,4871.9
Gasan Galbi & Baeknyeon Bulgogi,4.1,1186,[restaurant],"South Korea, Seoul, Geumcheon District, Gasan digital 1-ro, 128 109호",Seoul,+82 10-9581-8981,https://gasanmulgalbi.modoo.at/,4862.6
Seongmi Garden,4.1,1186,[korean_restaurant],"532 Gyorae-ri, Jocheon-eup, Jeju-si, Jeju-do, South Korea",Jeju-do,+82 64-783-7092,,4862.6
땅코참숯구이,4.4,1104,"[korean_barbecue_restaurant, bar]","26 Haengdang-ro 17-gil, Seongdong-gu, Seoul, South Korea",Seoul,+82 2-2281-6908,,4857.6
옹기꽃게장,4.3,1129,[crab_dish_restaurant],"31 Dorimbuk-ro 16beon-gil, Dorim-dong, Namdong-gu, Incheon, South Korea",Incheon,+82 32-446-8014,,4854.7
Fortune Restaurant,4.2,1154,"[russian_restaurant, asian_restaurant, european_restaurant, uzbek_restaurant]","154 Mareunnae-ro, Jung District, Seoul, South Korea",Seoul,+82 10-8380-2723,http://www.restaurant-fortune.com/,4846.8
Keunkiwajip,4.1,1182,"[korean_traditional_full_course_meal_restaurant, korean_restaurant]","20-7 Bukchon-ro, Jongno District, Seoul, South Korea",Seoul,+82 2-722-9024,https://blog.naver.com/keunkiwajip_0501,4846.2
Pizza plz,4.7,1031,[pizza_restaurant],"152-9 부평5동 Bupyeong District, Incheon, South Korea",Incheon,+82 50-71367-6612,https://www.instagram.com/pizzaplz_1,4845.7
깡통만두 (Kkangtong Mandu),4.2,1153,[dumpling_restaurant],"5-6 Bukchon-ro 2-gil, Jongno District, Seoul, South Korea",Seoul,+82 2-794-4243,,4842.6
Hannam Bugeotguk,4.1,1181,[korean_restaurant],"65-7 Dokseodang-ro, Hannam-dong, Yongsan District, Seoul, South Korea",Seoul,+82 2-2297-1988,,4842.1
Jeongdon Gangnam Branch,4.5,1076,[tonkatsu_restaurant],"19-1 Gangnam-daero 110-gil, Gangnam District, Seoul, South Korea",Seoul,+82 2-563-0924,,4842
일일향 압구정1호점,4.1,1180,[chinese_restaurant],"25 Nonhyeon-ro 168-gil, Gangnam District, Seoul, South Korea",Seoul,+82 2-545-6154,http://www.yilyilhyang.com/,4838
The Baker's Table,4.1,1180,"[brunch_restaurant, bakery, breakfast_restaurant, lunch_restaurant, restaurant, sandwich_shop]","244-1 Noksapyeong-daero, Yongsan District, Seoul, South Korea",Seoul,+82 70-7717-3501,http://www.thebakerstable.co.kr/,4838
Dotgogi 506,4.2,1151,[korean_barbecue_restaurant],"South Korea, 지하1층 145 KR 서울특별시 강남구 테헤란로",Seoul,+82 2-6933-9506,https://www.instagram.com/dot506_%3Figsh%3DcGZmYmkwMTdlZm16,4834.2
밀양가산돼지국밥 범일점,4.1,1179,[pork_rice_soup_restaurant],"45 Jaseong-ro 133beon-gil, Dong-gu, Busan, South Korea",Busan,+82 51-632-0409,,4833.9
McDonald's,4.1,1178,[fast_food_restaurant],"38 Jungmungwangwang-ro, Seogwipo-si, Jeju-do, South Korea",Jeju-do,+82 64-900-3100,http://www.mcdonalds.co.kr/,4829.8
Brick Oven New York Pizza,4.1,1176,[pizza_restaurant],"31 Gangnam-daero 102-gil, Gangnam District, Seoul, South Korea",Seoul,+82 2-508-1325,http://www.facebook.com/BrickOvenPizzaSeoul,4821.6
DOOKUPSAM(DKS) Gangnam,4.3,1119,[korean_barbecue_restaurant],"44 Seocho-daero 78-gil, Seocho District, Seoul, South Korea",Seoul,+82 2-585-3592,http://www.dookupsam.com/,4811.7
Hamdeok Mungae Hangari Jocheon Main Branch,4.2,1139,[seafood_restaurant],"217-1 Johamhaean-ro, Jocheon-eup, Jeju-si, Jeju-do, South Korea",Jeju-do,+82 70-4224-4775,,4783.8
Wolraesun Gyojagwan,4.2,1138,[chinese_restaurant],"13 Digital-ro 19-gil, Guro District, Seoul, South Korea",Seoul,+82 2-855-8488,,4779.6
Kyodaiya,4.3,1111,[udon_noodle_shop],"South Korea, Seoul, Mapo-gu, Seongji-gil, 39 1층",Seoul,+82 2-2654-2645,,4777.3
24-hour Bone Gamjatang,4.2,1136,[gamjatang_restaurant],"73 Daesagwan-ro, Hannam-dong, Yongsan District, Seoul, South Korea",Seoul,+82 2-790-8309,,4771.2
Bbandak Bbandak Myeongdong Branch,4.7,1015,[restaurant],"South Korea, Seoul, Jung District, Myeongdong 4-gil, 46 2층",Seoul,+82 2-6953-0012,https://map.naver.com/p/search/%25EB%25B9%25A4%25EB%258B%25AD%25EB%25B9%25A4%25EB%258B%25AD/place/1900947969%3FplacePath%3D%3Fentry%3Dpll%26from%3Dnx%26fromNxList%3Dtrue%26searchType%3Dplace,4770.5
"Nagahama Mangetsu, Korea Head Store",4.3,1109,[ramen_restaurant],"57 Udong 1-ro, Haeundae-gu, Busan, South Korea",Busan,+82 51-731-0886,http://www.instagram.com/mangetsu_kor,4768.7
즉석 우동짜장,4.6,1035,[udon_noodle_shop],"4216 Singil-dong, Yeongdeungpo District, Seoul, South Korea",Seoul,+82 2-833-3284,,4761
HahaHoho Udo,4.3,1100,"[hamburger_restaurant, restaurant]","532 Udohaean-gil, 우도면 Jeju-si, Jeju-do, South Korea",Jeju-do,+82 10-2899-1365,http://www.instagram.com/hahahohocafe,4730
Sukseongdo Jungmun Branch,4.4,1074,[barbecue_restaurant],"1101 Iljuseo-ro, 특별자치도, Seogwipo-si, Jeju-do, South Korea",Jeju-do,+82 64-739-5213,,4725.6
La Grilla,4.1,1150,[italian_restaurant],"2620 Nambusunhwan-ro, Seocho District, Seoul, South Korea",Seoul,+82 2-553-9192,http://dining.spc.co.kr/lagrillia.do,4715
황평집,4.2,1122,[restaurant],"74 Mareunnae-ro, Jung District, Seoul, South Korea",Seoul,+82 2-2266-6875,,4712.4
종로할머니칼국수 종로본점,4.1,1148,[kalguksu_restaurant],"14-2 Donhwamun-ro 11da-gil, Jongno District, Seoul, South Korea",Seoul,+82 2-744-9548,https://www.diningcode.com/profile.php%3Frid%3DYqwYFDrqeKtx,4706.8
호포 갈비 (문현점),4.2,1120,[korean_beef_restaurant],"359 Uam-ro, Nam-gu, Busan, South Korea",Busan,+82 51-639-9200,http://www.okgoodfood.com/,4704
Hamcho Ganjang Gejang,4.4,1069,"[crab_dish_restaurant, seafood_store]","27 Myeongdong 8ga-gil, Jung District, Seoul, South Korea",Seoul,+82 2-318-1624,,4703.6
맥도날드 부산황령DT점,4.1,1147,[fast_food_restaurant],"374 Hwangnyeong-daero, Nam-gu, Busan, South Korea",Busan,+82 51-911-4700,http://www.mcdonalds.co.kr/,4702.7
Oegojip Seolleongtang,4.2,1118,[korean_restaurant],"555 Samseong-ro, Gangnam District, Seoul, South Korea",Seoul,+82 2-567-5225,https://oegojip.modoo.at/,4695.6
Pildong Hambak,4.2,1118,[steak_house],"7-1 Pildong-ro, Jung District, Seoul, South Korea",Seoul,+82 2-6428-2204,http://www.instagram.com/iljungkitchen,4695.6
Song Chef,4.2,1113,[chinese_restaurant],"40 Dosan-daero 1-gil, Gangnam District, Seoul, South Korea",Seoul,+82 2-546-1178,,4674.6
무지락설렁탕,4.3,1087,[seolleongtang_restaurant],"14 Nonhyeongojan-ro 184beon-gil, Namdong-gu, Incheon, South Korea",Incheon,+82 32-422-9295,,4674.1
Yongyang Pork Feet Sundaeguk,4.4,1061,"[pigs_totters_restaurant, korean_restaurant]","98-154 Hwagokbon-dong, Gangseo-gu, Seoul, South Korea",Seoul,+82 2-2699-7914,,4668.4
제일콩집,4.1,1138,[tofu_restaurant],"37-8 Dongil-ro 174-gil, Nowon-gu, Seoul, South Korea",Seoul,+82 2-972-7016,,4665.8
스시미르네 본점,4.1,1137,[sushi_restaurant],"South Korea, Busan, Haeundae-gu, Sesil-ro, 75 1층 100호",Busan,,,4661.7
골막식당,4.2,1108,[restaurant],"12 Cheonsu-ro, 특별자치도 Jeju-si, Jeju-do, South Korea",Jeju-do,+82 64-753-6949,https://instagram.com/golmak_jeju,4653.6
권오길손국수 본점,4.2,1106,[noodle_shop],"789 Geomdan-ro, Seo-gu, Incheon, South Korea",Incheon,+82 32-564-7541,http://www.kwonsnoodle.co.kr/,4645.2
Lawry's The Prime Rib,4.2,1105,"[western_restaurant, restaurant, steak_house]","South Korea, Seoul, Seocho District, Seocho-daero, 411, GT Tower, 3층",Seoul,+82 2-590-2800,https://www.lawrys.kr/,4641
바릇식당,4.3,1076,[korean_restaurant],"61 Munoseong-gil, Gijang-gun, Busan, South Korea",Busan,+82 70-8845-7277,,4626.8
Hannam Oriental Roast Chicken,4.3,1074,[chicken_restaurant],"12 Daesagwan-ro 34-gil, Yongsan District, Seoul, South Korea",Seoul,+82 2-797-8677,http://instagram.com/hannamdonghanbangchicken,4618.2
Okeunnae Dakgalbi,4.2,1099,[chicken_rib_restaurant],"15 Ichon-ro 29-gil, Yongsan District, Seoul, South Korea",Seoul,+82 2-797-0131,http://www.xn--6i0bp5cm93a.com/,4615.8
Jinheunggak,4.1,1124,[chinese_restaurant],"20 Sinpo-ro 23beon-gil, Jung-gu, Incheon, South Korea",Incheon,+82 32-772-3058,,4608.4
Gurkha Indian Restaurant,4.3,1071,"[indian_restaurant, halal_restaurant, vegetarian_restaurant]","16-1 Myeongdong 10-gil, Jung District, Seoul, South Korea",Seoul,+82 2-775-8860,http://gurkhafood.modoo.at/,4605.3
Golmok Tteokbokki,4.2,1094,[tteokbokki_restaurant],"33 Munjeong-ro 1-gil, Songpa District, Seoul, South Korea",Seoul,+82 2-3402-3452,,4594.8
Halmae Jaecheopguk,4.2,1093,[korean_restaurant],"308 Samseong-ro, Gangnam District, Seoul, South Korea",Seoul,+82 2-501-6667,,4590.6
금메달추어탕,4.1,1117,[restaurant],"28 Yeollakgol-ro, Namdong-gu, Incheon, South Korea",Incheon,+82 32-465-6703,,4579.7
Cha Ae Jeon Halmae Kalguksu,4.1,1116,"[noodle_shop, korean_restaurant]","70 Gwajeong-ro 191beonga-gil, Yeonje-gu, Busan, South Korea",Busan,+82 51-751-9639,,4575.6
진천토종순대,4.2,1086,[korean_restaurant],"37 Sinjinmal-ro, Seo-gu, Incheon, South Korea",Incheon,+82 32-574-0798,,4561.2
홍성방,4.2,1086,[restaurant],"76 Hamohanggu-ro, Daejeong-eup, Seogwipo-si, Jeju-do, South Korea",Jeju-do,+82 64-794-9555,,4561.2
3일한우국밥,4.2,1085,[korean_restaurant],"68-5 Yeongdeungpo-dong 4(sa)-ga, Yeongdeungpo District, Seoul, South Korea",Seoul,+82 2-2678-0117,,4557
Travel Maker,4.2,1085,"[american_restaurant, breakfast_restaurant, brunch_restaurant]","South Korea, Seoul, Mapo-gu, Yanghwa-ro 21-gil, 43 2층",Seoul,+82 2-338-1545,,4557
Ttungbo Ajeossi / Fat Uncle / Galchi / Hairtail Fish,4.4,1034,[korean_restaurant],"3651 Jungsanganseo-ro, Hangyeong-myeon, Jeju-si, Jeju-do, South Korea",Jeju-do,+82 64-772-1112,,4549.6
맛찬들왕소금구이 발산역점,4.2,1080,[korean_barbecue_restaurant],"375-7 Gangseo-ro, Gangseo-gu, Seoul, South Korea",Seoul,+82 2-3661-5026,http://mcdbs.modoo.at/,4536
맥도날드 부산영도DT점,4.2,1078,[fast_food_restaurant],"150 Taejong-ro, Yeongdo-gu, Busan, South Korea",Busan,+82 51-969-4500,http://mcdonalds.co.kr/,4527.6
사모님짬뽕,4.1,1104,[chinese_restaurant],"South Korea, Seoul, Gangseo-gu, Geumnanghwa-ro 18-gil, 10 1층",Seoul,+82 2-2663-3397,,4526.4
Nongmin Baekam Sundae,4.5,1003,[soondae_restaurant],"33 Namdaemun-ro 1-gil, Jung District, Seoul, South Korea",Seoul,+82 2-755-5232,,4513.5
McDonald's,4.1,1098,[fast_food_restaurant],"407 Dosan-daero, Gangnam District, Seoul, South Korea",Seoul,+82 2-6207-1800,http://www.mcdonalds.co.kr/,4501.8
Yaksu Soondaeguk,4.1,1095,[soondae_restaurant],"14 Dongho-ro 7-gil, Jung District, Seoul, South Korea",Seoul,+82 2-2236-5926,,4489.5
Tamna Doyaji,4.3,1044,"[meat_restaurant, korean_restaurant]","82 Seocho-daero 50-gil, Seocho District, Seoul, South Korea",Seoul,+82 2-521-3337,,4489.2
Musuok,4.1,1093,"[seolleongtang_restaurant, meat_restaurant]","15 Dobong-ro 165-gil, Dobong-gu, Seoul, South Korea",Seoul,+82 2-954-6292,https://binaural.tistory.com/107,4481.3
장모님해장국,4.1,1091,[korean_restaurant],"253-1 Gugi-dong, Jongno District, Seoul, South Korea",Seoul,+82 2-379-4294,,4473.1
La Grillia,4.1,1090,[italian_restaurant],"South Korea, Seoul, Gangnam District, Gangnam-daero, 352, SPC Square, 3층",Seoul,+82 2-567-9192,http://dining.spc.co.kr/,4469
STAGE28,4.1,1090,[restaurant],"105 Arisu-ro 61-gil, 고덕제1동 Gangdong-gu, Seoul, South Korea",Seoul,+82 2-3426-1928,http://www.stage28.co.kr/,4469
Bas Burger Yeoksam Branch,4.3,1039,"[hamburger_restaurant, fast_food_restaurant]","South Korea, Seoul, Gangnam District, Teheran-ro 26-gil, 10 지하 1층",Seoul,+82 2-568-6654,https://www.instagram.com/basburger_/,4467.7
"Kanda Soba, Busan Seomyeon",4.3,1039,"[soba_noodle_shop, japanese_restaurant]","105 Dongcheon-ro, Busanjin District, Busan, South Korea",Busan,+82 51-809-1662,,4467.7
seohaean-jogae-gwangjang,4.2,1061,[grilled_clams_restaurant],"65 Masiran-ro, Jung-gu, Incheon, South Korea",Incheon,+82 50-71323-5027,,4456.2
Mongjungheon,4.3,1036,"[chinese_restaurant, dim_sum_restaurant]","10 Wiryeseong-daero, Songpa District, Seoul, South Korea",Seoul,+82 2-2202-8004,http://www.mongjungheon.co.kr/,4454.8
McDonald's,4.2,1059,[fast_food_restaurant],"1612 Dongil-ro, Nowon-gu, Seoul, South Korea",Seoul,+82 2-6221-6500,http://www.mcdonalds.co.kr/,4447.8
Lamb Land,4.4,1010,"[mutton_barbecue_restaurant, korean_restaurant]","255 Tojeong-ro, Mapo-gu, Seoul, South Korea",Seoul,+82 2-704-0223,http://www.lambland.kr/,4444
삼거리먼지막순대국,4.3,1030,[soondae_restaurant],"11 Siheung-daero 185-gil, Yeongdeungpo District, Seoul, South Korea",Seoul,+82 2-848-2469,,4429
곤드레밥집,4.2,1054,[korean_restaurant],"1148-1 Guwol-dong, Namdong-gu, Incheon, South Korea",Incheon,+82 32-427-2522,http://sakes.ga/gkorerrs-en,4426.8
Hwanggeum Kongbat,4.3,1029,[tofu_restaurant],"9 Mapo-daero 16-gil, Mapo-gu, Seoul, South Korea",Seoul,+82 2-313-2952,,4424.7
Gaksi Bossam,4.2,1052,"[meat_restaurant, restaurant]","25 Seongji-gil, Mapo-gu, Seoul, South Korea",Seoul,+82 2-333-8786,,4418.4
The Halal Guys,4.2,1049,[restaurant],"187 Itaewon-ro, Yongsan District, Seoul, South Korea",Seoul,+82 2-794-8308,http://thehalalguys.co.kr/,4405.8
바다속고등어쌈밥,4.1,1074,"[restaurant, fish_restaurant]","South Korea, Jeju-do, Jeju-si, 특별자치도, Aewol-eup, Hagwi 1(il)-ri, KR",Jeju-do,+82 64-745-6466,,4403.4
Ahyeon-dong Ganjang Gejang,4.2,1042,[crab_dish_restaurant],"South Korea, Seoul, Mapo-gu, Gullebang-ro, 13 새한빌딩 건물 뒷편에 위치 본죽아현점 옆",Seoul,+82 2-312-7530,https://www.instagram.com/ah_gejang,4376.4
VIPS Cheiljedang Center,4.1,1064,[family_restaurant],"292 Ssangnim-dong, Jung District, Seoul, South Korea",Seoul,+82 2-6740-7997,http://www.ivips.co.kr/,4362.4
Osegye Hyang,4.3,1007,"[vegan_restaurant, restaurant]","14-5 Insadong 12-gil, Jongno District, Seoul, South Korea",Seoul,+82 2-735-7171,http://www.go5.co.kr/,4330.1
우리돼지국밥,4.1,1055,[restaurant],"27-1 Choryang-ro, Dong-gu, Busan, South Korea",Busan,+82 51-468-5623,,4325.5
진시황뼈다귀감자탕,4.1,1054,[korean_restaurant],"South Korea, Incheon, Yeonsu-gu, 연수2동 Cheongneung-daero 113beon-gil, 37 1층",Incheon,+82 32-822-3847,,4321.4
"Outback Steakhouse, Incheon",4.2,1028,"[steak_house, family_restaurant]","2층, Honestar Mall, 157 Songdogukje-daero, Songdo-dong, Yeonsu-gu, Incheon, South Korea",Incheon,+82 32-821-9951,https://www.outback.co.kr/,4317.6
양천뼈다귀,4.2,1026,[korean_restaurant],"258 Mokdongdong-ro, Yangcheon District, Seoul, South Korea",Seoul,+82 2-2642-4334,,4309.2
Childonga,4.2,1026,[korean_barbecue_restaurant],"1 Seocheon-gil, 용담2동 Jeju-si, Jeju-do, South Korea",Jeju-do,+82 64-727-9092,http://www.xn--o39ao1ms5x.com/main,4309.2
Hongmyeong,4.2,1025,[chinese_restaurant],"10 Nonhyeon-ro 131-gil, Gangnam District, Seoul, South Korea",Seoul,+82 2-544-5518,,4305
Deungnamu Jib,4.1,1050,[restaurant],"52 Daerim-ro, Dongjak District, Seoul, South Korea",Seoul,+82 2-843-8989,,4305
Dan Bak King Tonkatsu,4.1,1047,[tonkatsu_restaurant],"11-29 Munbae-dong, Yongsan District, Seoul, South Korea",Seoul,+82 2-718-1419,https://www.instagram.com/danbak_/,4292.7
스시로로,4.2,1021,[sushi_restaurant],"1006-6 Sadang-dong, Dongjak District, Seoul, South Korea",Seoul,+82 2-585-1015,http://blog.naver.com/mot202202,4288.2
Seolmajung,4.1,1045,[korean_rib_restaurant],"2648 Nambusunhwan-ro, Seocho District, Seoul, South Korea",Seoul,+82 2-3462-8888,http://www.smj8.kr/,4284.5
Inamjang Samseong Branch,4.2,1018,[korean_restaurant],"165-12 삼성1동 Gangnam District, Seoul, South Korea",Seoul,+82 2-569-8726,https://blog.naver.com/izzyoh/222541833765,4275.6
락희옥 마포본점,4.1,1041,[korean_restaurant],"South Korea, Seoul, Mapo-gu, 공덕 Baekbeom-ro, 170 더샵아파트 101동 1층 1호",Seoul,+82 2-719-9797,https://www.instagram.com/lakheeoak/,4268.1
엄용백 돼지국밥 본점,4.1,1040,"[korean_restaurant, pork_rice_soup_restaurant]","39 Suyeong-ro 680beon-gil, Suyeong-gu, Busan, South Korea",Busan,+82 51-757-8092,,4264
Pildong Myeonok,4.2,1014,[cold_noodle_restaurant],"26 Seoae-ro, Jung District, Seoul, South Korea",Seoul,+82 2-2266-2611,,4258.8
Asojeong,4.1,1036,[korean_restaurant],"9 Baekbeom-ro 25-gil, Mapo-gu, Seoul, South Korea",Seoul,+82 2-703-5959,,4247.6
황금손가락,4.2,1010,[japanese_restaurant],"291-21 노형동 Jeju-si, Jeju-do, South Korea",Jeju-do,+82 64-746-8281,,4242
마라도횟집,4.1,1032,[restaurant],"262-10 Yeon-dong, 특별자치도, Jeju-si, Jeju-do, South Korea",Jeju-do,+82 64-746-2286,,4231.2
제주순풍해장국,4.2,1003,[hangover_soup_restaurant],"604 Sinbuk-ro, Jocheon-eup, Jeju-si, Jeju-do, South Korea",Jeju-do,+82 64-782-8866,,4212.6
Manseon Sikdang,4.2,1002,[sashimi_restaurant],"770-50 Hamo-ri, Daejeong-eup, 특별자치도, Seogwipo-si, Jeju-do, South Korea",Jeju-do,+82 64-794-6300,https://robe7.tistory.com/30,4208.4
원조양평신내서울해장국,4.1,1020,[hangover_soup_restaurant],"213 Gukhoe-daero 7-gil, Gangseo-gu, Seoul, South Korea",Seoul,+82 2-2699-9876,,4182
Xiao Bao Beef Noodles,4.1,1009,[chinese_restaurant],"15 Samil-daero 17-gil, Jongno District, Seoul, South Korea",Seoul,+82 2-723-7788,https://www.instagram.com/xiaobao_jong_ro/,4136.9
표선수산마트,4.1,1003,"[sashimi_restaurant, asian_restaurant, japanese_restaurant, seafood_restaurant]","843 Pyoseon-ri, Pyoseon-myeon, Seogwipo-si, Jeju-do, South Korea",Jeju-do,+82 64-787-2380,,4112.3